start	length	kind
008000	245	code
0080F5	6	unknown
0080FB	313	code
008234	5	unknown
008239	119	code
0082B0	4	unknown
0082B4	261	code
0083B9	4	unknown
0083BD	15	code
0083CC	8	unknown
0083D4	75	code
00841F	3	unknown
008422	24	code
00843A	5	unknown
00843F	49	code
008470	5	unknown
008475	7	code
00847C	5	unknown
008481	6	code
008487	5	unknown
00848C	8	code
008494	5	unknown
008499	59	code
0084D4	2	unknown
0084D6	27	code
0084F1	12	unknown
0084FD	30	code
00851B	58	unknown
008555	398	code
0086E3	15	unknown
0086F2	13	code
0086FF	4	unknown
008703	29	code
008720	15	unknown
00872F	64	code
00876F	36	unknown
008793	38	code
0087B9	18	unknown
0087CB	2	code
0087CD	10	unknown
0087D7	151	code
00886E	6	unknown
008874	4	code
008878	1	unknown
008879	81	code
0088CA	5	unknown
0088CF	18	code
0088E1	8	unknown
0088E9	47	code
008918	6	unknown
00891E	191	code
0089DD	99	unknown
008A40	64	code
008A80	4	unknown
008A84	7	code
008A8B	16	unknown
008A9B	216	code
008B73	5	unknown
008B78	105	code
008BE1	563	unknown
008E14	5	code
008E19	6	unknown
008E1F	285	code
008F3C	9	unknown
008F45	4	code
008F49	36	unknown
008F6D	37	code
008F92	18	unknown
008FA4	38	code
008FCA	2	unknown
008FCC	32	code
008FEC	6	unknown
008FF2	12	code
008FFE	69	unknown
009043	216	code
00911B	24	unknown
009133	53	code
009168	8	unknown
009170	135	code
0091F7	14	unknown
009205	361	code
00936E	6	unknown
009374	145	code
009405	16	unknown
009415	567	code
00964C	28	unknown
009668	87	code
0096BF	55	unknown
0096F6	236	code
0097E2	3	unknown
0097E5	170	code
00988F	4	unknown
009893	90	code
0098ED	4	unknown
0098F1	160	code
009991	4	unknown
009995	105	code
0099FE	12	unknown
009A0A	59	code
009A45	6	unknown
009A4B	50	code
009A7D	5	unknown
009A82	89	code
009ADB	18	unknown
009AED	250	code
009BE7	3	unknown
009BEA	67	code
009C2D	19	unknown
009C40	101	code
009CA5	10	unknown
009CAF	13	code
009CBC	3	unknown
009CBF	25	code
009CD8	3	unknown
009CDB	24	code
009CF3	107	unknown
009D5E	32	code
009D7E	36	unknown
009DA2	166	code
009E48	36	unknown
009E6C	141	code
009EF9	33	unknown
009F1A	6	code
009F20	6	unknown
009F26	133	code
009FAB	32	unknown
009FCB	59	code
00A006	12	unknown
00A012	91	code
00A06D	14	unknown
00A07B	42	code
00A0A5	211	unknown
00A178	3	code
00A17B	78	unknown
00A1C9	114	code
00A23B	20	unknown
00A24F	196	code
00A313	16	unknown
00A323	14	code
00A331	7	unknown
00A338	153	code
00A3D1	22	unknown
00A3E7	7	code
00A3EE	165	unknown
00A493	38	code
00A4B9	4	unknown
00A4BD	64	code
00A4FD	46	unknown
00A52B	123	code
00A5A6	31	unknown
00A5C5	69	code
00A60A	18	unknown
00A61C	411	code
00A7B7	147	unknown
00A84A	39	code
00A871	6	unknown
00A877	11	code
00A882	2	unknown
00A884	27	code
00A89F	1	unknown
00A8A0	5	code
00A8A5	16	unknown
00A8B5	448	code
00AA75	6	unknown
00AA7B	273	code
00AB8C	4	unknown
00AB90	5	code
00AB95	6	unknown
00AB9B	197	code
00AC60	16	unknown
00AC70	264	code
00AD78	20	unknown
00AD8C	1	code
00AD8D	1103	unknown
00B1DC	206	code
00B2AA	49	unknown
00B2DB	55	code
00B312	3	unknown
00B315	174	code
00B3C3	183	unknown
00B47A	392	code
00B602	5	unknown
00B607	132	code
00B68B	38	unknown
00B6B1	92	code
00B70D	4	unknown
00B711	198	code
00B7D7	1	unknown
00B7D8	41	code
00B801	1	unknown
00B802	83	code
00B855	19	unknown
00B868	800	code
00BB88	3	unknown
00BB8B	20	code
00BB9F	3	unknown
00BBA2	5	code
00BBA7	3	unknown
00BBAA	770	code
00BEAC	6	unknown
00BEB2	9	code
00BEBB	2	unknown
00BEBD	70	code
00BF03	20	unknown
00BF17	424	code
00C0BF	8	unknown
00C0C7	353	code
00C228	14	unknown
00C236	202	code
00C300	4	unknown
00C304	68	code
00C348	4	unknown
00C34C	72	code
00C394	10	unknown
00C39E	149	code
00C433	1	unknown
00C434	55	code
00C46B	3	unknown
00C46E	43	code
00C499	20	unknown
00C4AD	46	code
00C4DB	4	unknown
00C4DF	42	code
00C509	7	unknown
00C510	21	code
00C525	8	unknown
00C52D	179	code
00C5E0	6	unknown
00C5E6	5	code
00C5EB	4	unknown
00C5EF	214	code
00C6C5	17	unknown
00C6D6	29	code
00C6F3	24	unknown
00C70B	10	code
00C715	22	unknown
00C72B	13	code
00C738	18	unknown
00C74A	4	code
00C74E	15	unknown
00C75D	12	code
00C769	26	unknown
00C783	4	code
00C787	39	unknown
00C7AE	31	code
00C7CD	11	unknown
00C7D8	23	code
00C7EF	4	unknown
00C7F3	25	code
00C80C	36	unknown
00C830	8	code
00C838	4	unknown
00C83C	16	code
00C84C	6	unknown
00C852	4	code
00C856	16	unknown
00C866	4	code
00C86A	53	unknown
00C89F	34	code
00C8C1	3	unknown
00C8C4	13	code
00C8D1	24	unknown
00C8E9	17	code
00C8FA	2	unknown
00C8FC	37	code
00C921	5	unknown
00C926	25	code
00C93F	402	unknown
00CAD1	12	code
00CADD	11	unknown
00CAE8	230	code
00CBCE	40	unknown
00CBF6	26	code
00CC10	3	unknown
00CC13	209	code
00CCE4	24	unknown
00CCFC	5	code
00CD01	7	unknown
00CD08	5	code
00CD0D	6	unknown
00CD13	5	code
00CD18	6	unknown
00CD1E	7	code
00CD25	7	unknown
00CD2C	7	code
00CD33	10	unknown
00CD3D	59	code
00CD78	4	unknown
00CD7C	13	code
00CD89	5	unknown
00CD8E	31	code
00CDAD	5	unknown
00CDB2	16	code
00CDC2	11	unknown
00CDCD	13	code
00CDDA	33	unknown
00CDFB	223	code
00CEDA	25	unknown
00CEF3	1	code
00CEF4	41	unknown
00CF1D	282	code
00D037	2	unknown
00D039	237	code
00D126	4	unknown
00D12A	29	code
00D147	2	unknown
00D149	32	code
00D169	3	unknown
00D16C	9	code
00D175	3	unknown
00D178	9	code
00D181	3	unknown
00D184	75	code
00D1CF	16	unknown
00D1DF	24	code
00D1F7	12	unknown
00D203	113	code
00D274	1	unknown
00D275	198	code
00D33B	28	unknown
00D357	316	code
00D493	2	unknown
00D495	271	code
00D5A4	15	unknown
00D5B3	137	code
00D63C	2	unknown
00D63E	19	code
00D651	123	unknown
00D6CC	9	code
00D6D5	490	unknown
00D8BF	75	code
00D90A	57	unknown
00D943	16	code
00D953	4	unknown
00D957	139	code
00D9E2	5	unknown
00D9E7	8	code
00D9EF	5	unknown
00D9F4	103	code
00DA5B	12	unknown
00DA67	10	code
00DA71	9	unknown
00DA7A	272	code
00DB8A	7	unknown
00DB91	62	code
00DBCF	5	unknown
00DBD4	98	code
00DC36	8	unknown
00DC3E	75	code
00DC89	5	unknown
00DC8E	160	code
00DD2E	30	unknown
00DD4C	595	code
00DF9F	39	unknown
00DFC6	56	code
00DFFE	6	unknown
00E004	239	code
00E0F3	30	unknown
00E111	146	code
00E1A3	8	unknown
00E1AB	30	code
00E1C9	197	unknown
00E28E	498	code
00E480	30	unknown
00E49E	71	code
00E4E5	3	unknown
00E4E8	14	code
00E4F6	3	unknown
00E4F9	16	code
00E509	3	unknown
00E50C	18	code
00E51E	3	unknown
00E521	16	code
00E531	3	unknown
00E534	14	code
00E542	3	unknown
00E545	362	code
00E6AF	56	unknown
00E6E7	10	code
00E6F1	3	unknown
00E6F4	19	code
00E707	11	unknown
00E712	29	code
00E72F	2	unknown
00E731	17	code
00E742	26	unknown
00E75C	105	code
00E7C5	107	unknown
00E830	235	code
00E91B	6	unknown
00E921	75	code
00E96C	5	unknown
00E971	57	code
00E9AA	1348	unknown
00EEEE	49	code
00EF1F	8	unknown
00EF27	215	code
00EFFE	4	unknown
00F002	278	code
00F118	522	unknown
00F322	92	code
00F37E	9	unknown
00F387	120	code
00F3FF	211	unknown
00F4D2	55	code
00F509	5	unknown
00F50E	25	code
00F527	141	unknown
00F5B4	10	code
00F5BE	5	unknown
00F5C3	20	code
00F5D7	5	unknown
00F5DC	70	code
00F622	10	unknown
00F62C	45	code
00F659	5	unknown
00F65E	5	code
00F663	10	unknown
00F66D	20	code
00F681	5	unknown
00F686	10	code
00F690	5	unknown
00F695	10	code
00F69F	5	unknown
00F6A4	35	code
00F6C7	3	unknown
00F6CA	5	code
00F6CF	70	unknown
00F715	5	code
00F71A	10	unknown
00F724	15	code
00F733	5	unknown
00F738	10	code
00F742	1	unknown
00F743	25	code
00F75C	10	unknown
00F766	5	code
00F76B	5	unknown
00F770	10	code
00F77A	5	unknown
00F77F	5	code
00F784	15	unknown
00F793	5	code
00F798	5	unknown
00F79D	10	code
00F7A7	77	unknown
00F7F4	20	code
00F808	10	unknown
00F812	45	code
00F83F	45	unknown
00F86C	5	code
00F871	10	unknown
00F87B	10	code
00F885	58	unknown
00F8BF	5	code
00F8C4	5	unknown
00F8C9	5	code
00F8CE	112	unknown
00F93E	60	code
00F97A	5	unknown
00F97F	40	code
00F9A7	10	unknown
00F9B1	5	code
00F9B6	15	unknown
00F9C5	60	code
00FA01	5	unknown
00FA06	40	code
00FA2E	227	unknown
00FB11	10	code
00FB1B	5	unknown
00FB20	55	code
00FB57	5	unknown
00FB5C	20	code
00FB70	5	unknown
00FB75	35	code
00FB98	5	unknown
00FB9D	95	code
00FBFC	5	unknown
00FC01	35	code
00FC24	5	unknown
00FC29	30	code
00FC47	5	unknown
00FC4C	40	code
00FC74	10	unknown
00FC7E	75	code
00FCC9	10	unknown
00FCD3	50	code
00FD05	15	unknown
00FD14	5	code
00FD19	663	unknown
00FFB0	6	text
00FFB6	10	data8
00FFC0	21	text
00FFD5	7	data8
00FFDC	4	data16
00FFE0	32	pointer16
018000	194	code
0180C2	8	unknown
0180CA	50	code
0180FC	8	unknown
018104	35	code
018127	2	unknown
018129	98	code
01818B	15	unknown
01819A	56	code
0181D2	1	unknown
0181D3	39	code
0181FA	4	unknown
0181FE	64	code
01823E	6	unknown
018244	86	code
01829A	42	unknown
0182C4	3	code
0182C7	164	unknown
01836B	4	code
01836F	3	unknown
018372	46	code
0183A0	289	unknown
0184C1	54	code
0184F7	16	unknown
018507	71	code
01854E	6	unknown
018554	80	code
0185A4	19	unknown
0185B7	69	code
0185FC	117	unknown
018671	81	code
0186C2	3	unknown
0186C5	5	code
0186CA	6	unknown
0186D0	23	code
0186E7	10	unknown
0186F1	38	code
018717	10	unknown
018721	53	code
018756	98	unknown
0187B8	153	code
018851	129	unknown
0188D2	6	code
0188D8	10	unknown
0188E2	156	code
01897E	10	unknown
018988	107	code
0189F3	4	unknown
0189F7	117	code
018A6C	57	unknown
018AA5	5	code
018AAA	6	unknown
018AB0	63	code
018AEF	10	unknown
018AF9	387	code
018C7C	40	unknown
018CA4	35	code
018CC7	12	unknown
018CD3	104	code
018D3B	15	unknown
018D4A	22	code
018D60	12	unknown
018D6C	11	code
018D77	13	unknown
018D84	106	code
018DEE	15	unknown
018DFD	9	code
018E06	412	unknown
018FA2	6	code
018FA8	10	unknown
018FB2	105	code
01901B	4	unknown
01901F	78	code
01906D	6	unknown
019073	79	code
0190C2	4	unknown
0190C6	60	code
019102	3	unknown
019105	67	code
019148	12	unknown
019154	15	code
019163	4	unknown
019167	36	code
01918B	16	unknown
01919B	19	code
0191AE	4	unknown
0191B2	5	code
0191B7	6	unknown
0191BD	57	code
0191F6	6	unknown
0191FC	22	code
019212	7	unknown
019219	81	code
01926A	15	unknown
019279	4	code
01927D	7	unknown
019284	188	code
019340	108	unknown
0193AC	5	code
0193B1	12	unknown
0193BD	65	code
0193FE	4	unknown
019402	107	code
01946D	494	unknown
01965B	148	code
0196EF	12	unknown
0196FB	106	code
019765	44	unknown
019791	26	code
0197AB	591	unknown
0199FA	22	code
019A10	12	unknown
019A1C	178	code
019ACE	3	unknown
019AD1	7	code
019AD8	5	unknown
019ADD	5	code
019AE2	8	unknown
019AEA	494	code
019CD8	12	unknown
019CE4	197	code
019DA9	8	unknown
019DB1	96	code
019E11	3	unknown
019E14	255	code
019F13	2	unknown
019F15	139	code
019FA0	149	unknown
01A035	5	code
01A03A	12	unknown
01A046	183	code
01A0FD	3	unknown
01A100	5	code
01A105	4	unknown
01A109	42	code
01A133	10	unknown
01A13D	83	code
01A190	12	unknown
01A19C	101	code
01A201	5	unknown
01A206	66	code
01A248	12	unknown
01A254	35	code
01A277	6	unknown
01A27D	341	code
01A3D2	12	unknown
01A3DE	121	code
01A457	10	unknown
01A461	307	code
01A594	9	unknown
01A59D	218	code
01A677	12	unknown
01A683	63	code
01A6C2	4	unknown
01A6C6	90	code
01A720	14	unknown
01A72E	98	code
01A790	33	unknown
01A7B1	4	code
01A7B5	10	unknown
01A7BF	25	code
01A7D8	6	unknown
01A7DE	166	code
01A884	2	unknown
01A886	143	code
01A915	30	unknown
01A933	47	code
01A962	105	unknown
01A9CB	10	code
01A9D5	4	unknown
01A9D9	34	code
01A9FB	12	unknown
01AA07	99	code
01AA6A	5	unknown
01AA6F	68	code
01AAB3	3	unknown
01AAB6	5	code
01AABB	10	unknown
01AAC5	110	code
01AB33	2	unknown
01AB35	70	code
01AB7B	6	unknown
01AB81	257	code
01AC82	7975	unknown
01CBA9	6	code
01CBAF	12	unknown
01CBBB	44	code
01CBE7	115	unknown
01CC5A	16	code
01CC6A	9	unknown
01CC73	14	code
01CC81	58	unknown
01CCBB	15	code
01CCCA	12	unknown
01CCD6	28	code
01CCF2	24	unknown
01CD0A	10	code
01CD14	9	unknown
01CD1D	14	code
01CD2B	10	unknown
01CD35	1	code
01CD36	101	unknown
01CD9B	6	code
01CDA1	12	unknown
01CDAD	18	code
01CDBF	3	unknown
01CDC2	25	code
01CDDB	26	unknown
01CDF5	6	code
01CDFB	12	unknown
01CE07	34	code
01CE29	21	unknown
01CE3E	10	code
01CE48	9	unknown
01CE51	6	code
01CE57	15	unknown
01CE66	1	code
01CE67	119	unknown
01CEDE	42	code
01CF08	11	unknown
01CF13	26	code
01CF2D	12	unknown
01CF39	61	code
01CF76	4	unknown
01CF7A	52	code
01CFAE	4	unknown
01CFB2	10	code
01CFBC	6	unknown
01CFC2	186	code
01D07C	6	unknown
01D082	59	code
01D0BD	9	unknown
01D0C6	78	code
01D114	627	unknown
01D387	5	code
01D38C	4	unknown
01D390	101	code
01D3F5	6	unknown
01D3FB	68	code
01D43F	8	unknown
01D447	67	code
01D48A	9	unknown
01D493	53	code
01D4C8	6	unknown
01D4CE	14	code
01D4DC	9	unknown
01D4E5	83	code
01D538	6	unknown
01D53E	47	code
01D56D	162	unknown
01D60F	55	code
01D646	40	unknown
01D66E	8	code
01D676	5	unknown
01D67B	6	code
01D681	7	unknown
01D688	62	code
01D6C6	6	unknown
01D6CC	86	code
01D722	8	unknown
01D72A	127	code
01D7A9	6	unknown
01D7AF	118	code
01D825	8	unknown
01D82D	86	code
01D883	158	unknown
01D921	27	code
01D93C	6	unknown
01D942	55	code
01D979	5	unknown
01D97E	5	code
01D983	6	unknown
01D989	57	code
01D9C2	37	unknown
01D9E7	35	code
01DA0A	5	unknown
01DA0F	8	code
01DA17	6	unknown
01DA1D	33	code
01DA3E	3	unknown
01DA41	15	code
01DA50	9	unknown
01DA59	8	code
01DA61	23	unknown
01DA78	29	code
01DA95	2	unknown
01DA97	5	code
01DA9C	33	unknown
01DABD	6	code
01DAC3	7	unknown
01DACA	17	code
01DADB	6	unknown
01DAE1	7	code
01DAE8	5	unknown
01DAED	60	code
01DB29	5	unknown
01DB2E	5	code
01DB33	8	unknown
01DB3B	48	code
01DB6B	24	unknown
01DB83	35	code
01DBA6	5	unknown
01DBAB	8	code
01DBB3	6	unknown
01DBB9	14	code
01DBC7	9	unknown
01DBD0	32	code
01DBF0	23	unknown
01DC07	29	code
01DC24	6	unknown
01DC2A	31	code
01DC49	5	unknown
01DC4E	106	code
01DCB8	7	unknown
01DCBF	14	code
01DCCD	12	unknown
01DCD9	143	code
01DD68	7	unknown
01DD6F	28	code
01DD8B	44	unknown
01DDB7	69	code
01DDFC	10	unknown
01DE06	17	code
01DE17	7	unknown
01DE1E	20	code
01DE32	5	unknown
01DE37	45	code
01DE64	5	unknown
01DE69	22	code
01DE7F	342	unknown
01DFD5	130	code
01E057	14	unknown
01E065	54	code
01E09B	5	unknown
01E0A0	268	code
01E1AC	15	unknown
01E1BB	173	code
01E268	1	unknown
01E269	375	code
01E3E0	89	unknown
01E439	17	code
01E44A	4	unknown
01E44E	5	code
01E453	16	unknown
01E463	23	code
01E47A	325	unknown
01E5BF	27	code
01E5DA	6	unknown
01E5E0	229	code
01E6C5	4	unknown
01E6C9	377	code
01E842	6	unknown
01E848	7	code
01E84F	4	unknown
01E853	76	code
01E89F	8	unknown
01E8A7	48	code
01E8D7	23	unknown
01E8EE	25	code
01E907	5	unknown
01E90C	16	code
01E91C	12	unknown
01E928	15	code
01E937	9	unknown
01E940	32	code
01E960	8	unknown
01E968	19	code
01E97B	5	unknown
01E980	89	code
01E9D9	6	unknown
01E9DF	106	code
01EA49	7	unknown
01EA50	8	code
01EA58	352	unknown
01EBB8	35	code
01EBDB	11	unknown
01EBE6	4	code
01EBEA	9	unknown
01EBF3	16	code
01EC03	8	unknown
01EC0B	34	code
01EC2D	8	unknown
01EC35	36	code
01EC59	5	unknown
01EC5E	110	code
01ECCC	32	unknown
01ECEC	7	code
01ECF3	93	unknown
01ED50	49	code
01ED81	869	unknown
01F0E6	21	code
01F0FB	6	unknown
01F101	7	code
01F108	5	unknown
01F10D	69	code
01F152	4	unknown
01F156	4	code
01F15A	2	unknown
01F15C	25	code
01F175	8	unknown
01F17D	48	code
01F1AD	23	unknown
01F1C4	25	code
01F1DD	5	unknown
01F1E2	16	code
01F1F2	12	unknown
01F1FE	15	code
01F20D	9	unknown
01F216	33	code
01F237	6	unknown
01F23D	111	code
01F2AC	7	unknown
01F2B3	13	code
01F2C0	6	unknown
01F2C6	43	code
01F2F1	3	unknown
01F2F4	98	code
01F356	236	unknown
01F442	5	code
01F447	8	unknown
01F44F	73	code
01F498	4	unknown
01F49C	160	code
01F53C	4	unknown
01F540	168	code
01F5E8	12	unknown
01F5F4	114	code
01F666	5	unknown
01F66B	29	code
01F688	2	unknown
01F68A	24	code
01F6A2	4	unknown
01F6A6	34	code
01F6C8	2	unknown
01F6CA	4	code
01F6CE	2	unknown
01F6D0	83	code
01F723	4	unknown
01F727	20	code
01F73B	4	unknown
01F73F	114	code
01F7B1	6	unknown
01F7B7	83	code
01F80A	465	unknown
01F9DB	6	code
01F9E1	6	unknown
01F9E7	13	code
01F9F4	5	unknown
01F9F9	89	code
01FA52	8	unknown
01FA5A	85	code
01FAAF	184	unknown
01FB67	6	code
01FB6D	6	unknown
01FB73	10	code
01FB7D	6	unknown
01FB83	91	code
01FBDE	5	unknown
01FBE3	80	code
01FC33	5	unknown
01FC38	21	code
01FC4D	6	unknown
01FC53	225	code
01FD34	4	unknown
01FD38	5	code
01FD3D	2	unknown
01FD3F	59	code
01FD7A	5	unknown
01FD7F	192	code
01FE3F	3	unknown
01FE42	34	code
01FE64	412	unknown
028000	17408	unknown
02C400	75	code
02C44B	3	unknown
02C44E	385	code
02C5CF	3	unknown
02C5D2	15	code
02C5E1	4	unknown
02C5E5	28	code
02C601	65	unknown
02C642	253	code
02C73F	3659	unknown
02D58A	33	code
02D5AB	47	unknown
02D5DA	146	code
02D66C	14	unknown
02D67A	261	code
02D77F	15	unknown
02D78E	169	code
02D837	8	unknown
02D83F	21	code
02D854	5	unknown
02D859	47	code
02D888	5	unknown
02D88D	21	code
02D8A2	5	unknown
02D8A7	21	code
02D8BC	5	unknown
02D8C1	127	code
02D940	45	unknown
02D96D	174	code
02DA1B	126	unknown
02DA99	66	code
02DADB	12	unknown
02DAE7	80	code
02DB37	8	unknown
02DB3F	36	code
02DB63	8	unknown
02DB6B	1	code
02DB6C	22	unknown
02DB82	16	code
02DB92	63	unknown
02DBD1	8	code
02DBD9	97	unknown
02DC3A	40	code
02DC62	32	unknown
02DC82	7	code
02DC89	6	unknown
02DC8F	5	code
02DC94	3	unknown
02DC97	81	code
02DCE8	20	unknown
02DCFC	14	code
02DD0A	201	unknown
02DDD3	32	code
02DDF3	11	unknown
02DDFE	16	code
02DE0E	45	unknown
02DE3B	20	code
02DE4F	18	unknown
02DE61	2	code
02DE63	37	unknown
02DE88	8	code
02DE90	16	unknown
02DEA0	3	code
02DEA3	4	unknown
02DEA7	9	code
02DEB0	8	unknown
02DEB8	111	code
02DF27	8	unknown
02DF2F	5	code
02DF34	24	unknown
02DF4C	2	code
02DF4E	19	unknown
02DF61	429	code
02E10E	17	unknown
02E11F	141	code
02E1AC	10	unknown
02E1B6	209	code
02E287	2	unknown
02E289	8	code
02E291	12	unknown
02E29D	74	code
02E2E7	38	unknown
02E30D	36	code
02E331	6	unknown
02E337	9	code
02E340	4	unknown
02E344	9	code
02E34D	14	unknown
02E35B	4	code
02E35F	3	unknown
02E362	46	code
02E390	5	unknown
02E395	46	code
02E3C3	69	unknown
02E408	40	code
02E430	21	unknown
02E445	12	code
02E451	11	unknown
02E45C	6	code
02E462	9	unknown
02E46B	233	code
02E554	7	unknown
02E55B	14	code
02E569	9	unknown
02E572	118	code
02E5E8	42	unknown
02E612	6	code
02E618	6	unknown
02E61E	159	code
02E6BD	4	unknown
02E6C1	32	code
02E6E1	4	unknown
02E6E5	143	code
02E774	6	unknown
02E77A	107	code
02E7E5	6	unknown
02E7EB	5	code
02E7F0	4	unknown
02E7F4	32	code
02E814	7	unknown
02E81B	242	code
02E90D	22	unknown
02E923	317	code
02EA60	2	unknown
02EA62	5	code
02EA67	1	unknown
02EA68	92	code
02EAC4	1	unknown
02EAC5	10	code
02EACF	12	unknown
02EADB	35	code
02EAFE	1	unknown
02EAFF	213	code
02EBD4	10	unknown
02EBDE	85	code
02EC33	21	unknown
02EC48	251	code
02ED43	10	unknown
02ED4D	257	code
02EE4E	1	unknown
02EE4F	51	code
02EE82	7	unknown
02EE89	34	code
02EEAB	7	unknown
02EEB2	42	code
02EEDC	7	unknown
02EEE3	34	code
02EF05	7	unknown
02EF0C	244	code
02F000	8	unknown
02F008	123	code
02F083	6	unknown
02F089	101	code
02F0EE	4	unknown
02F0F2	69	code
02F137	7	unknown
02F13E	43	code
02F169	5	unknown
02F16E	48	code
02F19E	197	unknown
02F263	73	code
02F2AC	34	unknown
02F2CE	16	code
02F2DE	32	unknown
02F2FE	28	code
02F31A	65	unknown
02F35B	20	code
02F36F	165	unknown
02F414	66	code
02F456	43	unknown
02F481	34	code
02F4A3	8	unknown
02F4AB	78	code
02F4F9	10	unknown
02F503	228	code
02F5E7	8	unknown
02F5EF	114	code
02F661	6	unknown
02F667	67	code
02F6AA	4	unknown
02F6AE	78	code
02F6FC	6	unknown
02F702	52	code
02F736	6	unknown
02F73C	76	code
02F788	4	unknown
02F78C	65	code
02F7CD	6	unknown
02F7D3	88	code
02F82B	6	unknown
02F831	72	code
02F879	6	unknown
02F87F	58	code
02F8B9	127	unknown
02F938	7	code
02F93F	6	unknown
02F945	71	code
02F98C	6	unknown
02F992	93	code
02F9EF	6	unknown
02F9F5	80	code
02FA45	20	unknown
02FA59	143	code
02FAE8	8	unknown
02FAF0	248	code
02FBE8	8	unknown
02FBF0	17	code
02FC01	8	unknown
02FC09	71	code
02FC50	6	unknown
02FC56	17	code
02FC67	6	unknown
02FC6D	10	code
02FC77	2	unknown
02FC79	165	code
02FD1E	5	unknown
02FD23	5	code
02FD28	3	unknown
02FD2B	38	code
02FD51	12	unknown
02FD5D	150	code
02FDF3	121	unknown
02FE6C	5	code
02FE71	6	unknown
02FE77	32	code
02FE97	6	unknown
02FE9D	78	code
02FEEB	4	unknown
02FEEF	65	code
02FF30	6	unknown
02FF36	46	code
02FF64	5	unknown
02FF69	10	code
02FF73	141	unknown
038000	22	code
038016	5	unknown
03801B	34	code
03803D	5	unknown
038042	19	code
038055	3	unknown
038058	32	code
038078	5	unknown
03807D	89	code
0380D6	4	unknown
0380DA	68	code
03811E	4	unknown
038122	88	code
03817A	10	unknown
038184	36	code
0381A8	107	unknown
038213	25	code
03822C	1	unknown
03822D	12	code
038239	6	unknown
03823F	10	code
038249	8	unknown
038251	486	code
038437	3	unknown
03843A	126	code
0384B8	11	unknown
0384C3	1	code
0384C4	549	unknown
0386E9	99	code
03874C	1620	unknown
038DA0	90	code
038DFA	18	unknown
038E0C	5	code
038E11	43	unknown
038E3C	20	code
038E50	99	unknown
038EB3	161	code
038F54	11	unknown
038F5F	5	code
038F64	11	unknown
038F6F	136	code
038FF7	14	unknown
039005	101	code
03906A	3	unknown
03906D	156	code
039109	120	unknown
039181	40	code
0391A9	8	unknown
0391B1	20	code
0391C5	2	unknown
0391C7	61	code
039204	3	unknown
039207	108	code
039273	21	unknown
039288	80	code
0392D8	10	unknown
0392E2	72	code
03932A	3	unknown
03932D	148	code
0393C1	24	unknown
0393D9	20	code
0393ED	5173	unknown
03A822	5	code
03A827	24	unknown
03A83F	5	code
03A844	24	unknown
03A85C	427	code
03AA07	34	unknown
03AA29	747	code
03AD14	18	unknown
03AD26	443	code
03AEE1	1	unknown
03AEE2	28	code
03AEFE	16	unknown
03AF0E	39	code
03AF35	3	unknown
03AF38	157	code
03AFD5	75	unknown
03B020	5	code
03B025	30	unknown
03B043	7	code
03B04A	3	unknown
03B04D	7	code
03B054	1	unknown
03B055	140	code
03B0E1	26	unknown
03B0FB	148	code
03B18F	7	unknown
03B196	61	code
03B1D3	15	unknown
03B1E2	58	code
03B21C	343	unknown
03B373	5	code
03B378	22	unknown
03B38E	197	code
03B453	2	unknown
03B455	237	code
03B542	46	unknown
03B570	26	code
03B58A	2	unknown
03B58C	109	code
03B5F9	44	unknown
03B625	328	code
03B76D	250	unknown
03B867	8	code
03B86F	8	unknown
03B877	333	code
03B9C4	18	unknown
03B9D6	100	code
03BA3A	1	unknown
03BA3B	35	code
03BA5E	63	unknown
03BA9D	231	code
03BB84	4	unknown
03BB88	7	code
03BB8F	8	unknown
03BB97	6	code
03BB9D	6	unknown
03BBA3	39	code
03BBCA	18	unknown
03BBDC	425	code
03BD85	8	unknown
03BD8D	55	code
03BDC4	8	unknown
03BDCC	5	code
03BDD1	22	unknown
03BDE7	253	code
03BEE4	12	unknown
03BEF0	5	code
03BEF5	12	unknown
03BF01	5	code
03BF06	12	unknown
03BF12	189	code
03BFCF	2	unknown
03BFD1	8	code
03BFD9	2	unknown
03BFDB	279	code
03C0F2	4	unknown
03C0F6	5	code
03C0FB	6	unknown
03C101	55	code
03C138	10	unknown
03C142	62	code
03C180	6	unknown
03C186	119	code
03C1FD	4	unknown
03C201	10	code
03C20B	18	unknown
03C21D	14	code
03C22B	5	unknown
03C230	398	code
03C3BE	1	unknown
03C3BF	202	code
03C489	4	unknown
03C48D	18	code
03C49F	4	unknown
03C4A3	49	code
03C4D4	6	unknown
03C4DA	56	code
03C512	3	unknown
03C515	9	code
03C51E	8	unknown
03C526	70	code
03C56C	1	unknown
03C56D	49	code
03C59E	3	unknown
03C5A1	3	code
03C5A4	1	unknown
03C5A5	5	code
03C5AA	6	unknown
03C5B0	117	code
03C625	18	unknown
03C637	275	code
03C74A	22	unknown
03C760	56	code
03C798	1	unknown
03C799	31	code
03C7B8	6	unknown
03C7BE	5	code
03C7C3	4	unknown
03C7C7	159	code
03C866	48	unknown
03C896	5	code
03C89B	6	unknown
03C8A1	11	code
03C8AC	3	unknown
03C8AF	188	code
03C96B	10	unknown
03C975	290	code
03CA97	16	unknown
03CAA7	14	code
03CAB5	13	unknown
03CAC2	11	code
03CACD	14	unknown
03CADB	18	code
03CAED	12	unknown
03CAF9	7	code
03CB00	29	unknown
03CB1D	22	code
03CB33	8	unknown
03CB3B	75	code
03CB86	8	unknown
03CB8E	52	code
03CBC2	8	unknown
03CBCA	89	code
03CC23	12	unknown
03CC2F	55	code
03CC66	26	unknown
03CC80	44	code
03CCAC	25	unknown
03CCC5	46	code
03CCF3	6	unknown
03CCF9	134	code
03CD7F	6	unknown
03CD85	195	code
03CE48	3	unknown
03CE4B	149	code
03CEE0	12	unknown
03CEEC	123	code
03CF67	2	unknown
03CF69	82	code
03CFBB	2	unknown
03CFBD	19	code
03CFD0	8	unknown
03CFD8	106	code
03D042	53	unknown
03D077	5	code
03D07C	6	unknown
03D082	11	code
03D08D	3	unknown
03D090	189	code
03D14D	10	unknown
03D157	207	code
03D226	6	unknown
03D22C	42	code
03D256	2	unknown
03D258	58	code
03D292	4	unknown
03D296	7	code
03D29D	4	unknown
03D2A1	2	code
03D2A3	14	unknown
03D2B1	5	code
03D2B6	6	unknown
03D2BC	16	code
03D2CC	2	unknown
03D2CE	231	code
03D3B5	6	unknown
03D3BB	19	code
03D3CE	2	unknown
03D3D0	57	code
03D409	28	unknown
03D425	25	code
03D43E	6	unknown
03D444	91	code
03D49F	8	unknown
03D4A7	181	code
03D55C	10	unknown
03D566	37	code
03D58B	10	unknown
03D595	6	code
03D59B	6	unknown
03D5A1	141	code
03D62E	20	unknown
03D642	118	code
03D6B8	12	unknown
03D6C4	31	code
03D6E3	5	unknown
03D6E8	84	code
03D73C	32	unknown
03D75C	7	code
03D763	36	unknown
03D787	3	code
03D78A	794	unknown
03DAA4	4	code
03DAA8	10	unknown
03DAB2	53	code
03DAE7	260	unknown
03DBEB	7	code
03DBF2	6	unknown
03DBF8	5	code
03DBFD	6	unknown
03DC03	94	code
03DC61	6	unknown
03DC67	39	code
03DC8E	5	unknown
03DC93	7	code
03DC9A	3	unknown
03DC9D	13	code
03DCAA	6	unknown
03DCB0	116	code
03DD24	12	unknown
03DD30	85	code
03DD85	4	unknown
03DD89	186	code
03DE43	6033	unknown
03F5D4	60	code
03F610	26	unknown
03F62A	39	code
03F651	13	unknown
03F65E	66	code
03F6A0	13	unknown
03F6AD	39	code
03F6D4	13	unknown
03F6E1	20	code
03F6F5	21	unknown
03F70A	40	code
03F732	53	unknown
03F767	39	code
03F78E	13	unknown
03F79B	26	code
03F7B5	46	unknown
03F7E3	93	code
03F840	153	unknown
03F8D9	46	code
03F907	33	unknown
03F928	13	code
03F935	13	unknown
03F942	26	code
03F95C	1700	unknown
048000	59	code
04803B	6	unknown
048041	126	code
0480BF	4	unknown
0480C3	122	code
04813D	7	unknown
048144	89	code
04819D	12	unknown
0481A9	121	code
048222	5	unknown
048227	11	code
048232	8	unknown
04823A	17	code
04824B	124	unknown
0482C7	5	code
0482CC	4	unknown
0482D0	154	code
04836A	7	unknown
048371	13	code
04837E	4	unknown
048382	102	code
0483E8	4	unknown
0483EC	100	code
048450	6	unknown
048456	5	code
04845B	1	unknown
04845C	5	code
048461	6	unknown
048467	106	code
0484D1	9	unknown
0484DA	5	code
0484DF	4	unknown
0484E3	84	code
048537	60	unknown
048573	74	code
0485BD	4	unknown
0485C1	87	code
048618	4	unknown
04861C	19	code
04862F	8	unknown
048637	25	code
048650	2	unknown
048652	55	code
048689	2	unknown
04868B	109	code
0486F8	254	unknown
0487F6	15	code
048805	7	unknown
04880C	13	code
048819	7	unknown
048820	28	code
04883C	8	unknown
048844	163	code
0488E7	59	unknown
048922	38	code
048948	9	unknown
048951	12	code
04895D	4	unknown
048961	111	code
0489D0	4	unknown
0489D4	45	code
048A01	9	unknown
048A0A	4	code
048A0E	3	unknown
048A11	165	code
048AB6	122	unknown
048B30	74	code
048B7A	268	unknown
048C86	169	code
048D2F	267	unknown
048E3A	19	code
048E4D	52	unknown
048E81	30	code
048E9F	835	unknown
0491E2	5	code
0491E7	6	unknown
0491ED	77	code
04923A	7	unknown
049241	15	code
049250	8	unknown
049258	228	code
04933C	22	unknown
049352	33	code
049373	6	unknown
049379	91	code
0493D4	2	unknown
0493D6	3	code
0493D9	35	unknown
0493FC	21	code
049411	6	unknown
049417	27	code
049432	6	unknown
049438	6	code
04943E	10	unknown
049448	56	code
049480	1	unknown
049481	5	code
049486	6	unknown
04948C	35	code
0494AF	6	unknown
0494B5	6	code
0494BB	10	unknown
0494C5	36	code
0494E9	1	unknown
0494EA	5	code
0494EF	6	unknown
0494F5	42	code
04951F	38	unknown
049545	4	code
049549	7	unknown
049550	26	code
04956A	1	unknown
04956B	5	code
049570	34	unknown
049592	536	code
0497AA	1	unknown
0497AB	46	code
0497D9	128	unknown
049859	15	code
049868	51	unknown
04989B	21	code
0498B0	6	unknown
0498B6	52	code
0498EA	4	unknown
0498EE	29	code
04990B	18	unknown
04991D	6	code
049923	97	unknown
049984	8	code
04998C	15	unknown
04999B	33	code
0499BC	12	unknown
0499C8	4	code
0499CC	10	unknown
0499D6	11	code
0499E1	2	unknown
0499E3	8	code
0499EB	9	unknown
0499F4	5	code
0499F9	6	unknown
0499FF	49	code
049A30	11	unknown
049A3B	37	code
049A60	18	unknown
049A72	6	code
049A78	97	unknown
049AD9	8	code
049AE1	15	unknown
049AF0	52	code
049B24	2	unknown
049B26	8	code
049B2E	344	unknown
049C86	118	code
049CFC	1	unknown
049CFD	5	code
049D02	16	unknown
049D12	50	code
049D44	16	unknown
049D54	54	code
049D8A	14	unknown
049D98	2	code
049D9A	25	unknown
049DB3	55	code
049DEA	6	unknown
049DF0	457	code
049FB9	2	unknown
049FBB	6	code
049FC1	6	unknown
049FC7	66	code
04A009	149	unknown
04A09E	5	code
04A0A3	6	unknown
04A0A9	92	code
04A105	1	unknown
04A106	33	code
04A127	42	unknown
04A151	14	code
04A15F	91	unknown
04A1BA	5	code
04A1BF	10	unknown
04A1C9	125	code
04A246	228	unknown
04A32A	63	code
04A369	8	unknown
04A371	6	code
04A377	3	unknown
04A37A	5	code
04A37F	3	unknown
04A382	11	code
04A38D	10	unknown
04A397	49	code
04A3C8	4	unknown
04A3CC	68	code
04A410	2	unknown
04A412	38	code
04A438	3	unknown
04A43B	6	code
04A441	9	unknown
04A44A	22	code
04A460	16	unknown
04A470	49	code
04A4A1	4	unknown
04A4A5	49	code
04A4D6	33	unknown
04A4F7	133	code
04A57C	3	unknown
04A57F	14	code
04A58D	3	unknown
04A590	20	code
04A5A4	44	unknown
04A5D0	4	code
04A5D4	5	unknown
04A5D9	44	code
04A605	18	unknown
04A617	90	code
04A671	2	unknown
04A673	53	code
04A6A8	44	unknown
04A6D4	10	code
04A6DE	8	unknown
04A6E6	1	code
04A6E7	3	unknown
04A6EA	138	code
04A774	9	unknown
04A77D	36	code
04A7A1	7	unknown
04A7A8	7	code
04A7AF	109	unknown
04A81C	9	code
04A825	23	unknown
04A83C	7	code
04A843	7	unknown
04A84A	19	code
04A85D	15	unknown
04A86C	42	code
04A896	7	unknown
04A89D	36	code
04A8C1	7	unknown
04A8C8	10	code
04A8D2	4	unknown
04A8D6	39	code
04A8FD	14	unknown
04A90B	5	code
04A910	16	unknown
04A920	5	code
04A925	19	unknown
04A938	46	code
04A966	10	unknown
04A970	3	code
04A973	32	unknown
04A993	61	code
04A9D0	16	unknown
04A9E0	11	code
04A9EB	10	unknown
04A9F5	7	code
04A9FC	74	unknown
04AA46	14	code
04AA54	8	unknown
04AA5C	12	code
04AA68	86	unknown
04AABE	1	code
04AABF	161	unknown
04AB60	47	code
04AB8F	10	unknown
04AB99	28	code
04ABB5	14	unknown
04ABC3	172	code
04AC6F	24	unknown
04AC87	70	code
04ACCD	23	unknown
04ACE4	10	code
04ACEE	5	unknown
04ACF3	31	code
04AD12	9	unknown
04AD1B	8	code
04AD23	4	unknown
04AD27	30	code
04AD45	17	unknown
04AD56	16	code
04AD66	4	unknown
04AD6A	36	code
04AD8E	11	unknown
04AD99	9	code
04ADA2	7	unknown
04ADA9	7	code
04ADB0	25	unknown
04ADC9	83	code
04AE1C	3	unknown
04AE1F	54	code
04AE55	4	unknown
04AE59	13	code
04AE66	71	unknown
04AEAD	55	code
04AEE4	4	unknown
04AEE8	24	code
04AF00	7	unknown
04AF07	8	code
04AF0F	3	unknown
04AF12	177	code
04AFC3	3	unknown
04AFC6	209	code
04B097	14	unknown
04B0A5	6	code
04B0AB	25	unknown
04B0C4	23	code
04B0DB	40	unknown
04B103	19	code
04B116	16	unknown
04B126	69	code
04B16B	6	unknown
04B171	10	code
04B17B	2	unknown
04B17D	10	code
04B187	30	unknown
04B1A5	66	code
04B1E7	2	unknown
04B1E9	154	code
04B283	3	unknown
04B286	127	code
04B305	45	unknown
04B332	180	code
04B3E6	2	unknown
04B3E8	101	code
04B44D	2	unknown
04B44F	191	code
04B50E	5	unknown
04B513	54	code
04B549	3	unknown
04B54C	14	code
04B55A	9	unknown
04B563	4	code
04B567	11	unknown
04B572	20	code
04B586	4	unknown
04B58A	62	code
04B5C8	4	unknown
04B5CC	146	code
04B65E	5	unknown
04B663	8	code
04B66B	38	unknown
04B691	17	code
04B6A2	46	unknown
04B6D0	67	code
04B713	7	unknown
04B71A	74	code
04B764	81	unknown
04B7B5	1	code
04B7B6	15	unknown
04B7C5	20	code
04B7D9	79	unknown
04B828	38	code
04B84E	1	unknown
04B84F	17	code
04B860	2	unknown
04B862	33	code
04B883	2	unknown
04B885	5	code
04B88A	3	unknown
04B88D	173	code
04B93A	3	unknown
04B93D	117	code
04B9B2	590	unknown
04BC00	404	code
04BD94	20	unknown
04BDA8	17	code
04BDB9	124	unknown
04BE35	163	code
04BED8	27	unknown
04BEF3	22	code
04BF09	18	unknown
04BF1B	99	code
04BF7E	46	unknown
04BFAC	35	code
04BFCF	1	unknown
04BFD0	124	code
04C04C	19	unknown
04C05F	559	code
04C28E	136	unknown
04C316	53	code
04C34B	56	unknown
04C383	102	code
04C3E9	128	unknown
04C469	75	code
04C4B4	19	unknown
04C4C7	140	code
04C553	128	unknown
04C5D3	164	code
04C677	20	unknown
04C68B	8	code
04C693	19	unknown
04C6A6	60	code
04C6E2	20	unknown
04C6F6	8	code
04C6FE	19	unknown
04C711	100	code
04C775	19	unknown
04C788	92	code
04C7E4	19	unknown
04C7F7	115	code
04C86A	13	unknown
04C877	10	code
04C881	14	unknown
04C88F	205	code
04C95C	32	unknown
04C97C	84	code
04C9D0	18	unknown
04C9E2	244	code
04CAD6	3	unknown
04CAD9	147	code
04CB6C	3	unknown
04CB6F	45	code
04CB9C	6	unknown
04CBA2	34	code
04CBC4	152	unknown
04CC5C	306	code
04CD8E	80	unknown
04CDDE	12	code
04CDEA	4	unknown
04CDEE	41	code
04CE17	13	unknown
04CE24	67	code
04CE67	8	unknown
04CE6F	14	code
04CE7D	5	unknown
04CE82	13	code
04CE8F	77	unknown
04CEDC	86	code
04CF32	6	unknown
04CF38	67	code
04CF7B	14	unknown
04CF89	91	code
04CFE4	8	unknown
04CFEC	34	code
04D00E	38	unknown
04D034	26	code
04D04E	20	unknown
04D062	3	code
04D065	5	unknown
04D06A	111	code
04D0D9	15	unknown
04D0E8	18	code
04D0FA	8	unknown
04D102	39	code
04D129	7	unknown
04D130	88	code
04D188	22	unknown
04D19E	75	code
04D1E9	6	unknown
04D1EF	34	code
04D211	6	unknown
04D217	11	code
04D222	41	unknown
04D24B	62	code
04D289	77	unknown
04D2D6	11	code
04D2E1	39	unknown
04D308	277	code
04D41D	106	unknown
04D487	374	code
04D5FD	16	unknown
04D60D	18	code
04D61F	6	unknown
04D625	43	code
04D650	94	unknown
04D6AE	478	code
04D88C	67	unknown
04D8CF	13	code
04D8DC	4	unknown
04D8E0	374	code
04DA56	3	unknown
04DA59	165	code
04DAFE	113	unknown
04DB6F	52	code
04DBA3	3	unknown
04DBA6	32	code
04DBC6	93	unknown
04DC23	29	code
04DC40	87	unknown
04DC97	20	code
04DCAB	26	unknown
04DCC5	33	code
04DCE6	8	unknown
04DCEE	7	code
04DCF5	6	unknown
04DCFB	14	code
04DD09	81	unknown
04DD5A	33	code
04DD7B	58	unknown
04DDB5	50	code
04DDE7	3	unknown
04DDEA	21	code
04DDFF	3	unknown
04DE02	32	code
04DE22	369	unknown
04DF93	6	code
04DF99	12	unknown
04DFA5	27	code
04DFC0	24	unknown
04DFD8	31	code
04DFF7	5	unknown
04DFFC	88	code
04E054	401	unknown
04E1E5	11	code
04E1F0	6	unknown
04E1F6	135	code
04E27D	14	unknown
04E28B	295	code
04E3B2	1	unknown
04E3B3	5	code
04E3B8	48	unknown
04E3E8	5	code
04E3ED	10	unknown
04E3F7	365	code
04E564	10	unknown
04E56E	39	code
04E595	4	unknown
04E599	271	code
04E6A8	3	unknown
04E6AB	17	code
04E6BC	8	unknown
04E6C4	199	code
04E78B	3	unknown
04E78E	17	code
04E79F	12	unknown
04E7AB	74	code
04E7F5	7	unknown
04E7FC	340	code
04E950	4	unknown
04E954	310	code
04EA8A	12	unknown
04EA96	58	code
04EAD0	22	unknown
04EAE6	72	code
04EB2E	12	unknown
04EB3A	54	code
04EB70	37	unknown
04EB95	100	code
04EBF9	17	unknown
04EC0A	8	code
04EC12	12	unknown
04EC1E	67	code
04EC61	24	unknown
04EC79	51	code
04ECAC	4	unknown
04ECB0	110	code
04ED1E	19	unknown
04ED31	98	code
04ED93	12	unknown
04ED9F	41	code
04EDC8	2	unknown
04EDCA	34	code
04EDEC	4	unknown
04EDF0	29	code
04EE0D	4	unknown
04EE11	30	code
04EE2F	8	unknown
04EE37	102	code
04EE9D	3	unknown
04EEA0	93	code
04EEFD	12	unknown
04EF09	61	code
04EF46	24	unknown
04EF5E	60	code
04EF9A	4	unknown
04EF9E	9	code
04EFA7	41	unknown
04EFD0	45	code
04EFFD	6	unknown
04F003	49	code
04F034	12	unknown
04F040	20	code
04F054	4	unknown
04F058	60	code
04F094	94	unknown
04F0F2	8	code
04F0FA	6	unknown
04F100	29	code
04F11D	9	unknown
04F126	7	code
04F12D	182	unknown
04F1E3	4	code
04F1E7	32	unknown
04F207	5	code
04F20C	54	unknown
04F242	6	code
04F248	12	unknown
04F254	16	code
04F264	2	unknown
04F266	54	code
04F29C	24	unknown
04F2B4	24	code
04F2CC	7	unknown
04F2D3	7	code
04F2DA	8	unknown
04F2E2	126	code
04F360	5	unknown
04F365	64	code
04F3A5	1	unknown
04F3A6	13	code
04F3B3	2	unknown
04F3B5	11	code
04F3C0	35	unknown
04F3E3	226	code
04F4C5	63	unknown
04F504	148	code
04F598	22	unknown
04F5AE	131	code
04F631	12	unknown
04F63D	128	code
04F6BD	24	unknown
04F6D5	250	code
04F7CF	12	unknown
04F7DB	61	code
04F818	28	unknown
04F834	9	code
04F83D	4	unknown
04F841	19	code
04F854	11	unknown
04F85F	33	code
04F880	14	unknown
04F88E	80	code
04F8DE	582	unknown
04FB24	6	code
04FB2A	12	unknown
04FB36	26	code
04FB50	49	unknown
04FB81	35	code
04FBA4	6	unknown
04FBAA	14	code
04FBB8	6	unknown
04FBBE	20	code
04FBD2	7	unknown
04FBD9	11	code
04FBE4	62	unknown
04FC22	6	code
04FC28	10	unknown
04FC32	6	code
04FC38	13	unknown
04FC45	4	code
04FC49	25	unknown
04FC62	5	code
04FC67	42	unknown
04FC91	16	code
04FCA1	142	unknown
04FD2F	37	code
04FD54	4	unknown
04FD58	5	code
04FD5D	675	unknown
058000	2862	unknown
058B2E	5	code
058B33	12	unknown
058B3F	132	code
058BC3	12	unknown
058BCF	23	code
058BE6	1	unknown
058BE7	258	code
058CE9	12	unknown
058CF5	128	code
058D75	9	unknown
058D7E	155	code
058E19	46	unknown
058E47	5	code
058E4C	6	unknown
058E52	157	code
058EEF	12	unknown
058EFB	249	code
058FF4	8	unknown
058FFC	13	code
059009	4	unknown
05900D	24	code
059025	16	unknown
059035	118	code
0590AB	14	unknown
0590B9	161	code
05915A	10	unknown
059164	43	code
05918F	12	unknown
05919B	45	code
0591C8	65	unknown
059209	5	code
05920E	12	unknown
05921A	57	code
059253	4	unknown
059257	40	code
05927F	42	unknown
0592A9	250	code
0593A3	46	unknown
0593D1	5	code
0593D6	6	unknown
0593DC	44	code
059408	1	unknown
059409	80	code
059459	12	unknown
059465	295	code
05958C	8	unknown
059594	51	code
0595C7	6	unknown
0595CD	81	code
05961E	12	unknown
05962A	84	code
05967E	4	unknown
059682	130	code
059704	4	unknown
059708	35	code
05972B	16	unknown
05973B	4	code
05973F	19	unknown
059752	199	code
059819	11	unknown
059824	50	code
059856	6	unknown
05985C	173	code
059909	46	unknown
059937	5	code
05993C	12	unknown
059948	338	code
059A9A	10	unknown
059AA4	274	code
059BB6	6	unknown
059BBC	5	code
059BC1	14	unknown
059BCF	301	code
059CFC	8	unknown
059D04	77	code
059D51	6	unknown
059D57	91	code
059DB2	14	unknown
059DC0	181	code
059E75	3	unknown
059E78	260	code
059F7C	37	unknown
059FA1	5	code
059FA6	8	unknown
059FAE	211	code
05A081	8	unknown
05A089	5	code
05A08E	6	unknown
05A094	129	code
05A115	8	unknown
05A11D	30	code
05A13B	17	unknown
05A14C	37	code
05A171	5	unknown
05A176	7	code
05A17D	20	unknown
05A191	14	code
05A19F	3	unknown
05A1A2	13	code
05A1AF	3	unknown
05A1B2	16	code
05A1C2	2	unknown
05A1C4	14	code
05A1D2	8	unknown
05A1DA	16	code
05A1EA	11	unknown
05A1F5	5	code
05A1FA	11	unknown
05A205	5	code
05A20A	11	unknown
05A215	184	code
05A2CD	5	unknown
05A2D2	5	code
05A2D7	373	unknown
05A44C	5	code
05A451	35	unknown
05A474	5	code
05A479	4	unknown
05A47D	7	code
05A484	16	unknown
05A494	141	code
05A521	7	unknown
05A528	50	code
05A55A	20	unknown
05A56E	61	code
05A5AB	16	unknown
05A5BB	5	code
05A5C0	10	unknown
05A5CA	76	code
05A616	4	unknown
05A61A	112	code
05A68A	12	unknown
05A696	212	code
05A76A	12	unknown
05A776	62	code
05A7B4	8	unknown
05A7BC	221	code
05A899	12	unknown
05A8A5	5	code
05A8AA	28	unknown
05A8C6	70	code
05A90C	22	unknown
05A922	65	code
05A963	5	unknown
05A968	12	code
05A974	4	unknown
05A978	41	code
05A9A1	17	unknown
05A9B2	84	code
05AA06	49	unknown
05AA37	154	code
05AAD1	95	unknown
05AB30	5	code
05AB35	46	unknown
05AB63	5	code
05AB68	6	unknown
05AB6E	34	code
05AB90	1	unknown
05AB91	96	code
05ABF1	8	unknown
05ABF9	223	code
05ACD8	10	unknown
05ACE2	5	code
05ACE7	8	unknown
05ACEF	102	code
05AD55	10	unknown
05AD5F	119	code
05ADD6	14	unknown
05ADE4	19	code
05ADF7	8	unknown
05ADFF	30	code
05AE1D	10	unknown
05AE27	161	code
05AEC8	15	unknown
05AED7	30	code
05AEF5	10	unknown
05AEFF	18	code
05AF11	3	unknown
05AF14	581	code
05B159	130	unknown
05B1DB	5	code
05B1E0	37	unknown
05B205	5	code
05B20A	4	unknown
05B20E	110	code
05B27C	4	unknown
05B280	65	code
05B2C1	6	unknown
05B2C7	113	code
05B338	37	unknown
05B35D	5	code
05B362	6	unknown
05B368	39	code
05B38F	5	unknown
05B394	50	code
05B3C6	5	unknown
05B3CB	57	code
05B404	6	unknown
05B40A	15	code
05B419	4	unknown
05B41D	267	code
05B528	37	unknown
05B54D	5	code
05B552	6	unknown
05B558	135	code
05B5DF	6	unknown
05B5E5	17	code
05B5F6	6	unknown
05B5FC	50	code
05B62E	4	unknown
05B632	39	code
05B659	4	unknown
05B65D	21	code
05B672	4	unknown
05B676	135	code
05B6FD	3	unknown
05B700	23	code
05B717	21	unknown
05B72C	45	code
05B759	5	unknown
05B75E	84	code
05B7B2	12	unknown
05B7BE	58	code
05B7F8	59	unknown
05B833	18	code
05B845	8	unknown
05B84D	11	code
05B858	4	unknown
05B85C	14	code
05B86A	11	unknown
05B875	10	code
05B87F	10	unknown
05B889	53	code
05B8BE	16	unknown
05B8CE	1	code
05B8CF	27	unknown
05B8EA	8	code
05B8F2	8	unknown
05B8FA	8	code
05B902	2	unknown
05B904	5	code
05B909	5	unknown
05B90E	36	code
05B932	2	unknown
05B934	31	code
05B953	2	unknown
05B955	21	code
05B96A	96	unknown
05B9CA	5	code
05B9CF	6	unknown
05B9D5	81	code
05BA26	12	unknown
05BA32	220	code
05BB0E	6	unknown
05BB14	73	code
05BB5D	9	unknown
05BB66	117	code
05BBDB	3	unknown
05BBDE	3	code
05BBE1	5	unknown
05BBE6	6	code
05BBEC	6	unknown
05BBF2	7	code
05BBF9	5	unknown
05BBFE	82	code
05BC50	6	unknown
05BC56	41	code
05BC7F	1	unknown
05BC80	109	code
05BCED	4	unknown
05BCF1	34	code
05BD13	11	unknown
05BD1E	9	code
05BD27	9	unknown
05BD30	135	code
05BDB7	6	unknown
05BDBD	8	code
05BDC5	12	unknown
05BDD1	20	code
05BDE5	4	unknown
05BDE9	47	code
05BE18	26	unknown
05BE32	38	code
05BE58	6	unknown
05BE5E	9	code
05BE67	4	unknown
05BE6B	25	code
05BE84	20	unknown
05BE98	167	code
05BF3F	18	unknown
05BF51	129	code
05BFD2	4	unknown
05BFD6	165	code
05C07B	11	unknown
05C086	59	code
05C0C1	7	unknown
05C0C8	5	code
05C0CD	5	unknown
05C0D2	10	code
05C0DC	6	unknown
05C0E2	39	code
05C109	623	unknown
05C378	5	code
05C37D	12	unknown
05C389	140	code
05C415	16	unknown
05C425	68	code
05C469	10	unknown
05C473	226	code
05C555	3	unknown
05C558	120	code
05C5D0	12	unknown
05C5DC	4	code
05C5E0	11	unknown
05C5EB	12	code
05C5F7	41	unknown
05C620	29	code
05C63D	12	unknown
05C649	4	code
05C64D	10	unknown
05C657	117	code
05C6CC	6	unknown
05C6D2	5	code
05C6D7	6	unknown
05C6DD	151	code
05C774	28	unknown
05C790	55	code
05C7C7	44	unknown
05C7F3	21	code
05C808	19	unknown
05C81B	9	code
05C824	19	unknown
05C837	5	code
05C83C	6	unknown
05C842	60	code
05C87E	6	unknown
05C884	48	code
05C8B4	10	unknown
05C8BE	63	code
05C8FD	14	unknown
05C90B	113	code
05C97C	5	unknown
05C981	11	code
05C98C	3	unknown
05C98F	118	code
05CA05	2	unknown
05CA07	38	code
05CA2D	12	unknown
05CA39	22	code
05CA4F	6	unknown
05CA55	41	code
05CA7E	9	unknown
05CA87	45	code
05CAB4	24	unknown
05CACC	6	code
05CAD2	8	unknown
05CADA	47	code
05CB09	66	unknown
05CB4B	173	code
05CBF8	6	unknown
05CBFE	22	code
05CC14	46	unknown
05CC42	6	code
05CC48	12	unknown
05CC54	64	code
05CC94	24	unknown
05CCAC	48	code
05CCDC	6	unknown
05CCE2	142	code
05CD70	10896	unknown
05F800	29	code
05F81D	24	unknown
05F835	19	code
05F848	6	unknown
05F84E	15	code
05F85D	12	unknown
05F869	5	code
05F86E	25	unknown
05F887	6	code
05F88D	14	unknown
05F89B	4	code
05F89F	5	unknown
05F8A4	11	code
05F8AF	4	unknown
05F8B3	24	code
05F8CB	3	unknown
05F8CE	16	code
05F8DE	3	unknown
05F8E1	57	code
05F91A	7	unknown
05F921	57	code
05F95A	5	unknown
05F95F	26	code
05F979	129	unknown
05F9FA	28	code
05FA16	5	unknown
05FA1B	54	code
05FA51	5	unknown
05FA56	18	code
05FA68	17	unknown
05FA79	13	code
05FA86	5	unknown
05FA8B	1	code
05FA8C	77	unknown
05FAD9	18	code
05FAEB	1301	unknown
068000	32768	unknown
078000	352	code
078160	38	unknown
078186	13	code
078193	8	unknown
07819B	152	code
078233	88	unknown
07828B	274	code
07839D	1	unknown
07839E	338	code
0784F0	6	unknown
0784F6	144	code
078586	12	unknown
078592	73	code
0785DB	6	unknown
0785E1	5	code
0785E6	24	unknown
0785FE	62	code
07863C	4	unknown
078640	36	code
078664	9	unknown
07866D	63	code
0786AC	2	unknown
0786AE	27	code
0786C9	2	unknown
0786CB	42	code
0786F5	11	unknown
078700	91	code
07875B	5	unknown
078760	68	code
0787A4	12	unknown
0787B0	58	code
0787EA	24	unknown
078802	65	code
078843	10	unknown
07884D	168	code
0788F5	8	unknown
0788FD	109	code
07896A	6	unknown
078970	47	code
07899F	4	unknown
0789A3	44	code
0789CF	1	unknown
0789D0	216	code
078AA8	6	unknown
078AAE	5	code
078AB3	6	unknown
078AB9	85	code
078B0E	3	unknown
078B11	31	code
078B30	12	unknown
078B3C	46	code
078B6A	46	unknown
078B98	5	code
078B9D	6	unknown
078BA3	5	code
078BA8	10	unknown
078BB2	165	code
078C57	2	unknown
078C59	88	code
078CB1	3	unknown
078CB4	5	code
078CB9	6	unknown
078CBF	40	code
078CE7	34	unknown
078D09	36	code
078D2D	117	unknown
078DA2	47	code
078DD1	25	unknown
078DEA	34	code
078E0C	39	unknown
078E33	5	code
078E38	6	unknown
078E3E	96	code
078E9E	6	unknown
078EA4	166	code
078F4A	46	unknown
078F78	5	code
078F7D	8	unknown
078F85	219	code
079060	12	unknown
07906C	79	code
0790BB	9	unknown
0790C4	232	code
0791AC	2	unknown
0791AE	1	code
0791AF	4	unknown
0791B3	5	code
0791B8	8	unknown
0791C0	119	code
079237	10	unknown
079241	14	code
07924F	13	unknown
07925C	172	code
079308	29	unknown
079325	62	code
079363	15	unknown
079372	30	code
079390	20	unknown
0793A4	4	code
0793A8	25	unknown
0793C1	179	code
079474	854	unknown
0797CA	7	code
0797D1	12	unknown
0797DD	94	code
07983B	12	unknown
079847	132	code
0798CB	6	unknown
0798D1	36	code
0798F5	13	unknown
079902	7	code
079909	5	unknown
07990E	31	code
07992D	4	unknown
079931	43	code
07995C	1	unknown
07995D	8	code
079965	12	unknown
079971	66	code
0799B3	27	unknown
0799CE	54	code
079A04	8	unknown
079A0C	242	code
079AFE	32	unknown
079B1E	1	code
079B1F	54	unknown
079B55	159	code
079BF4	80	unknown
079C44	57	code
079C7D	32	unknown
079C9D	206	code
079D6B	6	unknown
079D71	96	code
079DD1	10	unknown
079DDB	115	code
079E4E	60	unknown
079E8A	25	code
079EA3	19	unknown
079EB6	5	code
079EBB	12	unknown
079EC7	5	code
079ECC	4	unknown
079ED0	123	code
079F4B	7	unknown
079F52	169	code
079FFB	38	unknown
07A021	5	code
07A026	4	unknown
07A02A	9	code
07A033	12	unknown
07A03F	37	code
07A064	11	unknown
07A06F	142	code
07A0FD	3	unknown
07A100	60	code
07A13C	4	unknown
07A140	16	code
07A150	10	unknown
07A15A	36	code
07A17E	44	unknown
07A1AA	37	code
07A1CF	32	unknown
07A1EF	13	code
07A1FC	13	unknown
07A209	36	code
07A22D	91	unknown
07A288	4	code
07A28C	13	unknown
07A299	18	code
07A2AB	12	unknown
07A2B7	81	code
07A308	11	unknown
07A313	61	code
07A350	10	unknown
07A35A	231	code
07A441	13	unknown
07A44E	184	code
07A506	21	unknown
07A51B	160	code
07A5BB	12	unknown
07A5C7	66	code
07A609	17	unknown
07A61A	52	code
07A64E	6	unknown
07A654	292	code
07A778	11	unknown
07A783	236	code
07A86F	3	unknown
07A872	25	code
07A88B	8	unknown
07A893	82	code
07A8E5	3	unknown
07A8E8	42	code
07A912	12	unknown
07A91E	73	code
07A967	4	unknown
07A96B	1	code
07A96C	24	unknown
07A984	55	code
07A9BB	8	unknown
07A9C3	89	code
07AA1C	107	unknown
07AA87	54	code
07AABD	20	unknown
07AAD1	17	code
07AAE2	19	unknown
07AAF5	97	code
07AB56	15	unknown
07AB65	22	code
07AB7B	16	unknown
07AB8B	4	code
07AB8F	12	unknown
07AB9B	4	code
07AB9F	19	unknown
07ABB2	13	code
07ABBF	4	unknown
07ABC3	260	code
07ACC7	12	unknown
07ACD3	62	code
07AD11	34	unknown
07AD33	31	code
07AD52	6	unknown
07AD58	8	code
07AD60	15	unknown
07AD6F	4	code
07AD73	9	unknown
07AD7C	30	code
07AD9A	16	unknown
07ADAA	157	code
07AE47	103	unknown
07AEAE	268	code
07AFBA	60	unknown
07AFF6	63	code
07B035	6	unknown
07B03B	7	code
07B042	4	unknown
07B046	64	code
07B086	24	unknown
07B09E	124	code
07B11A	12	unknown
07B126	131	code
07B1A9	11	unknown
07B1B4	34	code
07B1D6	14	unknown
07B1E4	56	code
07B21C	10	unknown
07B226	314	code
07B360	57	unknown
07B399	85	code
07B3EE	41	unknown
07B417	14	code
07B425	5	unknown
07B42A	19	code
07B43D	3	unknown
07B440	16	code
07B450	15	unknown
07B45F	5	code
07B464	8	unknown
07B46C	194	code
07B52E	2	unknown
07B530	5	code
07B535	10	unknown
07B53F	214	code
07B615	11	unknown
07B620	5	code
07B625	11	unknown
07B630	5	code
07B635	11	unknown
07B640	73	code
07B689	6	unknown
07B68F	6	code
07B695	12	unknown
07B6A1	62	code
07B6DF	53	unknown
07B714	72	code
07B75C	10	unknown
07B766	25	code
07B77F	2	unknown
07B781	40	code
07B7A9	2	unknown
07B7AB	23	code
07B7C2	4	unknown
07B7C6	59	code
07B801	11	unknown
07B80C	78	code
07B85A	46	unknown
07B888	257	code
07B989	60	unknown
07B9C5	7	code
07B9CC	12	unknown
07B9D8	71	code
07BA1F	8	unknown
07BA27	30	code
07BA45	4	unknown
07BA49	182	code
07BAFF	42	unknown
07BB29	6	code
07BB2F	12	unknown
07BB3B	74	code
07BB85	6	unknown
07BB8B	175	code
07BC3A	1066	unknown
07C064	6	code
07C06A	12	unknown
07C076	74	code
07C0C0	10	unknown
07C0CA	1	code
07C0CB	17	unknown
07C0DC	41	code
07C105	6	unknown
07C10B	9	code
07C114	4	unknown
07C118	9	code
07C121	10	unknown
07C12B	15	code
07C13A	81	unknown
07C18B	6	code
07C191	10	unknown
07C19B	148	code
07C22F	31	unknown
07C24E	179	code
07C301	12	unknown
07C30D	125	code
07C38A	4	unknown
07C38E	183	code
07C445	12	unknown
07C451	136	code
07C4D9	2	unknown
07C4DB	7	code
07C4E2	24	unknown
07C4FA	88	code
07C552	4	unknown
07C556	50	code
07C588	11	unknown
07C593	145	code
07C624	13	unknown
07C631	332	code
07C77D	12	unknown
07C789	70	code
07C7CF	6	unknown
07C7D5	82	code
07C827	24	unknown
07C83F	45	code
07C86C	6	unknown
07C872	19	code
07C885	4	unknown
07C889	21	code
07C89E	3	unknown
07C8A1	9	code
07C8AA	14	unknown
07C8B8	4	code
07C8BC	9	unknown
07C8C5	79	code
07C914	1	unknown
07C915	9	code
07C91E	13	unknown
07C92B	20	code
07C93F	4	unknown
07C943	46	code
07C971	17	unknown
07C982	94	code
07C9E0	5	unknown
07C9E5	5	code
07C9EA	5	unknown
07C9EF	59	code
07CA2A	8	unknown
07CA32	3	code
07CA35	5	unknown
07CA3A	14	code
07CA48	10	unknown
07CA52	159	code
07CAF1	24	unknown
07CB09	54	code
07CB3F	39	unknown
07CB66	5	code
07CB6B	12	unknown
07CB77	42	code
07CBA1	22	unknown
07CBB7	11	code
07CBC2	16	unknown
07CBD2	84	code
07CC26	17	unknown
07CC37	168	code
07CCDF	16	unknown
07CCEF	56	code
07CD27	31	unknown
07CD46	8	code
07CD4E	217	unknown
07CE27	217	code
07CF00	2	unknown
07CF02	2	code
07CF04	74	unknown
07CF4E	111	code
07CFBD	1	unknown
07CFBE	42	code
07CFE8	24	unknown
07D000	4	code
07D004	9	unknown
07D00D	4	code
07D011	1036	unknown
07D41D	6	code
07D423	12	unknown
07D42F	47	code
07D45E	29	unknown
07D47B	10	code
07D485	36	unknown
07D4A9	31	code
07D4C8	13	unknown
07D4D5	8	code
07D4DD	4	unknown
07D4E1	16	code
07D4F1	19	unknown
07D504	4	code
07D508	105	unknown
07D571	11	code
07D57C	4	unknown
07D580	8	code
07D588	10	unknown
07D592	130	code
07D614	200	unknown
07D6DC	8	code
07D6E4	25	unknown
07D6FD	22	code
07D713	15	unknown
07D722	1	code
07D723	97	unknown
07D784	86	code
07D7DA	57	unknown
07D813	5	code
07D818	5	unknown
07D81D	2	code
07D81F	13	unknown
07D82C	6	code
07D832	12	unknown
07D83E	54	code
07D874	5	unknown
07D879	47	code
07D8A8	60	unknown
07D8E4	85	code
07D939	53	unknown
07D96E	70	code
07D9B4	11	unknown
07D9BF	11	code
07D9CA	1	unknown
07D9CB	186	code
07DA85	51	unknown
07DAB8	220	code
07DB94	23	unknown
07DBAB	73	code
07DBF4	12	unknown
07DC00	58	code
07DC3A	24	unknown
07DC52	31	code
07DC71	15	unknown
07DC80	5	code
07DC85	4	unknown
07DC89	9	code
07DC92	10	unknown
07DC9C	4	code
07DCA0	44	unknown
07DCCC	37	code
07DCF1	3	unknown
07DCF4	73	code
07DD3D	31	unknown
07DD5C	6	code
07DD62	4	unknown
07DD66	23	code
07DD7D	2	unknown
07DD7F	210	code
07DE51	5	unknown
07DE56	49	code
07DE87	12	unknown
07DE93	34	code
07DEB5	6	unknown
07DEBB	10	code
07DEC5	4	unknown
07DEC9	74	code
07DF13	11	unknown
07DF1E	7	code
07DF25	24	unknown
07DF3D	68	code
07DF81	16	unknown
07DF91	55	code
07DFC8	7	unknown
07DFCF	116	code
07E043	46	unknown
07E071	73	code
07E0BA	17	unknown
07E0CB	228	code
07E1AF	12	unknown
07E1BB	83	code
07E20E	11	unknown
07E219	271	code
07E328	12	unknown
07E334	28	code
07E350	30	unknown
07E36E	6	code
07E374	4	unknown
07E378	108	code
07E3E4	12	unknown
07E3F0	33	code
07E411	5	unknown
07E416	41	code
07E43F	17	unknown
07E450	23	code
07E467	13	unknown
07E474	157	code
07E511	11	unknown
07E51C	65	code
07E55D	8	unknown
07E565	29	code
07E582	13	unknown
07E58F	60	code
07E5CB	65	unknown
07E60C	87	code
07E663	12	unknown
07E66F	69	code
07E6B4	24	unknown
07E6CC	27	code
07E6E7	6	unknown
07E6ED	5	code
07E6F2	4	unknown
07E6F6	9	code
07E6FF	6	unknown
07E705	7	code
07E70C	4	unknown
07E710	49	code
07E741	9	unknown
07E74A	34	code
07E76C	26	unknown
07E786	5	code
07E78B	15	unknown
07E79A	4	code
07E79E	63	unknown
07E7DD	76	code
07E829	8	unknown
07E831	71	code
07E878	20	unknown
07E88C	139	code
07E917	27	unknown
07E932	195	code
07E9F5	12	unknown
07EA01	63	code
07EA40	7	unknown
07EA47	49	code
07EA78	24	unknown
07EA90	29	code
07EAAD	16	unknown
07EABD	16	code
07EACD	21	unknown
07EAE2	4	code
07EAE6	44	unknown
07EB12	67	code
07EB55	11	unknown
07EB60	78	code
07EBAE	9	unknown
07EBB7	4	code
07EBBB	11	unknown
07EBC6	102	code
07EC2C	9	unknown
07EC35	45	code
07EC62	156	unknown
07ECFE	112	code
07ED6E	78	unknown
07EDBC	212	code
07EE90	12	unknown
07EE9C	38	code
07EEC2	5	unknown
07EEC7	32	code
07EEE7	12	unknown
07EEF3	365	code
07F060	12	unknown
07F06C	45	code
07F099	7	unknown
07F0A0	25	code
07F0B9	24	unknown
07F0D1	14	code
07F0DF	4	unknown
07F0E3	195	code
07F1A6	7	unknown
07F1AD	8	code
07F1B5	12	unknown
07F1C1	32	code
07F1E1	4	unknown
07F1E5	70	code
07F22B	36	unknown
07F24F	127	code
07F2CE	14	unknown
07F2DC	50	code
07F30E	11	unknown
07F319	631	code
07F590	5	unknown
07F595	51	code
07F5C8	4	unknown
07F5CC	353	code
07F72D	12	unknown
07F739	130	code
07F7BB	12	unknown
07F7C7	196	code
07F88B	6	unknown
07F891	16	code
07F8A1	5	unknown
07F8A6	34	code
07F8C8	4	unknown
07F8CC	195	code
07F98F	12	unknown
07F99B	57	code
07F9D4	24	unknown
07F9EC	19	code
07F9FF	12	unknown
07FA0B	464	code
07FBDB	117	unknown
07FC50	429	code
07FDFD	12	unknown
07FE09	82	code
07FE5B	12	unknown
07FE67	82	code
07FEB9	24	unknown
07FED1	223	code
07FFB0	8	unknown
07FFB8	32	code
07FFD8	40	unknown
088000	5930	unknown
08972A	87	code
089781	679	unknown
089A28	5	code
089A2D	12	unknown
089A39	13	code
089A46	6	unknown
089A4C	68	code
089A90	107	unknown
089AFB	7	code
089B02	3	unknown
089B05	17	code
089B16	6	unknown
089B1C	5	code
089B21	10	unknown
089B2B	141	code
089BB8	105	unknown
089C21	16	code
089C31	6	unknown
089C37	129	code
089CB8	46	unknown
089CE6	5	code
089CEB	12	unknown
089CF7	5	code
089CFC	4	unknown
089D00	131	code
089D83	4	unknown
089D87	7	code
089D8E	9	unknown
089D97	17	code
089DA8	3	unknown
089DAB	8	code
089DB3	4	unknown
089DB7	22	code
089DCD	8	unknown
089DD5	189	code
089E92	8	unknown
089E9A	7	code
089EA1	5	unknown
089EA6	176	code
089F56	8	unknown
089F5E	147	code
089FF1	3	unknown
089FF4	232	code
08A0DC	54	unknown
08A112	13	code
08A11F	6	unknown
08A125	27	code
08A140	4	unknown
08A144	79	code
08A193	8	unknown
08A19B	84	code
08A1EF	6	unknown
08A1F5	36	code
08A219	5	unknown
08A21E	9	code
08A227	8	unknown
08A22F	211	code
08A302	4	unknown
08A306	4	code
08A30A	8	unknown
08A312	49	code
08A343	17	unknown
08A354	119	code
08A3CB	12	unknown
08A3D7	83	code
08A42A	6	unknown
08A430	66	code
08A472	6	unknown
08A478	108	code
08A4E4	13	unknown
08A4F1	5	code
08A4F6	16	unknown
08A506	123	code
08A581	3	unknown
08A584	51	code
08A5B7	4	unknown
08A5BB	8	code
08A5C3	12	unknown
08A5CF	5	code
08A5D4	28	unknown
08A5F0	5	code
08A5F5	6	unknown
08A5FB	79	code
08A64A	32	unknown
08A66A	161	code
08A70B	87	unknown
08A762	12	code
08A76E	19	unknown
08A781	32	code
08A7A1	41	unknown
08A7CA	5	code
08A7CF	12	unknown
08A7DB	16	code
08A7EB	11	unknown
08A7F6	5	code
08A7FB	8	unknown
08A803	21	code
08A818	6	unknown
08A81E	27	code
08A839	12	unknown
08A845	165	code
08A8EA	10	unknown
08A8F4	152	code
08A98C	7	unknown
08A993	48	code
08A9C3	1	unknown
08A9C4	29	code
08A9E1	4	unknown
08A9E5	5	code
08A9EA	4	unknown
08A9EE	19	code
08AA01	2	unknown
08AA03	86	code
08AA59	4	unknown
08AA5D	5	code
08AA62	10	unknown
08AA6C	4	code
08AA70	8	unknown
08AA78	27	code
08AA93	5	unknown
08AA98	35	code
08AABB	12	unknown
08AAC7	14	code
08AAD5	4	unknown
08AAD9	76	code
08AB25	22	unknown
08AB3B	5	code
08AB40	4	unknown
08AB44	92	code
08ABA0	12	unknown
08ABAC	13	code
08ABB9	22	unknown
08ABCF	7	code
08ABD6	9	unknown
08ABDF	5	code
08ABE4	6	unknown
08ABEA	23	code
08AC01	15	unknown
08AC10	226	code
08ACF2	4	unknown
08ACF6	86	code
08AD4C	182	unknown
08AE02	32	code
08AE22	4	unknown
08AE26	4	code
08AE2A	64	unknown
08AE6A	5	code
08AE6F	12	unknown
08AE7B	13	code
08AE88	12	unknown
08AE94	12	code
08AEA0	34	unknown
08AEC2	6	code
08AEC8	6	unknown
08AECE	26	code
08AEE8	4	unknown
08AEEC	41	code
08AF15	174	unknown
08AFC3	18	code
08AFD5	13	unknown
08AFE2	17	code
08AFF3	12	unknown
08AFFF	49	code
08B030	316	unknown
08B16C	45	code
08B199	1113	unknown
08B5F2	5	code
08B5F7	4	unknown
08B5FB	5	code
08B600	43	unknown
08B62B	90	code
08B685	1	unknown
08B686	15	code
08B695	12	unknown
08B6A1	219	code
08B77C	24	unknown
08B794	28	code
08B7B0	1	unknown
08B7B1	5	code
08B7B6	12	unknown
08B7C2	87	code
08B819	20	unknown
08B82D	330	code
08B977	8	unknown
08B97F	106	code
08B9E9	40	unknown
08BA11	194	code
08BAD3	149	unknown
08BB68	136	code
08BBF0	4	unknown
08BBF4	54	code
08BC2A	6	unknown
08BC30	64	code
08BC70	12	unknown
08BC7C	50	code
08BCAE	4	unknown
08BCB2	53	code
08BCE7	22	unknown
08BCFD	18	code
08BD0F	4	unknown
08BD13	6	code
08BD19	6	unknown
08BD1F	56	code
08BD57	29	unknown
08BD74	1	code
08BD75	106	unknown
08BDDF	22	code
08BDF5	30	unknown
08BE13	68	code
08BE57	30	unknown
08BE75	6	code
08BE7B	12	unknown
08BE87	16	code
08BE97	4	unknown
08BE9B	105	code
08BF04	19	unknown
08BF17	33	code
08BF38	8	unknown
08BF40	310	code
08C076	12	unknown
08C082	18	code
08C094	4	unknown
08C098	40	code
08C0C0	91	unknown
08C11B	6	code
08C121	12	unknown
08C12D	4	code
08C131	19	unknown
08C144	54	code
08C17A	6	unknown
08C180	16	code
08C190	223	unknown
08C26F	6	code
08C275	12	unknown
08C281	36	code
08C2A5	6	unknown
08C2AB	119	code
08C322	27	unknown
08C33D	6	code
08C343	6	unknown
08C349	84	code
08C39D	10	unknown
08C3A7	180	code
08C45B	19	unknown
08C46E	244	code
08C562	8	unknown
08C56A	466	code
08C73C	9	unknown
08C745	36	code
08C769	12	unknown
08C775	72	code
08C7BD	18	unknown
08C7CF	70	code
08C815	10	unknown
08C81F	60	code
08C85B	5	unknown
08C860	367	code
08C9CF	12	unknown
08C9DB	32	code
08C9FB	4	unknown
08C9FF	81	code
08CA50	34	unknown
08CA72	14	code
08CA80	17	unknown
08CA91	73	code
08CADA	6	unknown
08CAE0	147	code
08CB73	2351	unknown
08D4A2	5	code
08D4A7	12	unknown
08D4B3	66	code
08D4F5	6	unknown
08D4FB	84	code
08D54F	6	unknown
08D555	412	code
08D6F1	6	unknown
08D6F7	53	code
08D72C	4	unknown
08D730	27	code
08D74B	8	unknown
08D753	60	code
08D78F	5	unknown
08D794	49	code
08D7C5	10299	unknown
098000	32768	unknown
0A8000	32768	unknown
0B8000	32768	unknown
0C8000	32768	unknown
0D8000	32768	unknown
0E8000	32768	unknown
0F8000	32768	unknown
108000	32768	unknown
118000	32768	unknown
128000	32768	unknown
138000	16384	unknown
13C000	5	code
13C005	6	unknown
13C00B	13	code
13C018	25	unknown
13C031	18	code
13C043	2	unknown
13C045	17	code
13C056	15	unknown
13C065	8	code
13C06D	4	unknown
13C071	147	code
13C104	65	unknown
13C145	121	code
13C1BE	6	unknown
13C1C4	32	code
13C1E4	3	unknown
13C1E7	127	code
13C266	18	unknown
13C278	272	code
13C388	5	unknown
13C38D	213	code
13C462	4	unknown
13C466	5	code
13C46B	4	unknown
13C46F	233	code
13C558	5	unknown
13C55D	107	code
13C5C8	33	unknown
13C5E9	10	code
13C5F3	3257	unknown
13D2AC	6	code
13D2B2	12	unknown
13D2BE	33	code
13D2DF	6	unknown
13D2E5	17	code
13D2F6	23	unknown
13D30D	15	code
13D31C	34	unknown
13D33E	59	code
13D379	8	unknown
13D381	15	code
13D390	6	unknown
13D396	117	code
13D40B	129	unknown
13D48C	6	code
13D492	4	unknown
13D496	104	code
13D4FE	9	unknown
13D507	38	code
13D52D	26	unknown
13D547	76	code
13D593	12	unknown
13D59F	60	code
13D5DB	9	unknown
13D5E4	1	code
13D5E5	18	unknown
13D5F7	10	code
13D601	3	unknown
13D604	8	code
13D60C	6	unknown
13D612	147	code
13D6A5	10	unknown
13D6AF	289	code
13D7D0	6	unknown
13D7D6	5	code
13D7DB	10	unknown
13D7E5	28	code
13D801	6	unknown
13D807	135	code
13D88E	6	unknown
13D894	76	code
13D8E0	20	unknown
13D8F4	98	code
13D956	17	unknown
13D967	192	code
13DA27	14	unknown
13DA35	626	code
13DCA7	46	unknown
13DCD5	5	code
13DCDA	6	unknown
13DCE0	11	code
13DCEB	3	unknown
13DCEE	182	code
13DDA4	10	unknown
13DDAE	274	code
13DEC0	16	unknown
13DED0	5	code
13DED5	6	unknown
13DEDB	33	code
13DEFC	21	unknown
13DF11	8	code
13DF19	5	unknown
13DF1E	39	code
13DF45	6	unknown
13DF4B	5	code
13DF50	6	unknown
13DF56	62	code
13DF94	6	unknown
13DF9A	85	code
13DFEF	6	unknown
13DFF5	91	code
13E050	6	unknown
13E056	106	code
13E0C0	26	unknown
13E0DA	50	code
13E10C	1	unknown
13E10D	22	code
13E123	2	unknown
13E125	81	code
13E176	18	unknown
13E188	257	code
13E289	8	unknown
13E291	165	code
13E336	4	unknown
13E33A	37	code
13E35F	10	unknown
13E369	41	code
13E392	6	unknown
13E398	256	code
13E498	46	unknown
13E4C6	5	code
13E4CB	6	unknown
13E4D1	11	code
13E4DC	3	unknown
13E4DF	199	code
13E5A6	10	unknown
13E5B0	280	code
13E6C8	12	unknown
13E6D4	5	code
13E6D9	8	unknown
13E6E1	141	code
13E76E	4	unknown
13E772	23	code
13E789	279	unknown
13E8A0	5	code
13E8A5	8	unknown
13E8AD	96	code
13E90D	13	unknown
13E91A	14	code
13E928	50	unknown
13E95A	60	code
13E996	6	unknown
13E99C	64	code
13E9DC	40	unknown
13EA04	104	code
13EA6C	30	unknown
13EA8A	10	code
13EA94	3	unknown
13EA97	8	code
13EA9F	6	unknown
13EAA5	11	code
13EAB0	3	unknown
13EAB3	161	code
13EB54	10	unknown
13EB5E	304	code
13EC8E	12	unknown
13EC9A	5	code
13EC9F	4	unknown
13ECA3	20	code
13ECB7	5	unknown
13ECBC	25	code
13ECD5	8	unknown
13ECDD	76	code
13ED29	12	unknown
13ED35	96	code
13ED95	6	unknown
13ED9B	49	code
13EDCC	14	unknown
13EDDA	10	code
13EDE4	6	unknown
13EDEA	4	code
13EDEE	15	unknown
13EDFD	7	code
13EE04	187	unknown
13EEBF	5	code
13EEC4	18	unknown
13EED6	201	code
13EF9F	9	unknown
13EFA8	1	code
13EFA9	173	unknown
13F056	10	code
13F060	8	unknown
13F068	62	code
13F0A6	6	unknown
13F0AC	107	code
13F117	89	unknown
13F170	17	code
13F181	62	unknown
13F1BF	129	code
13F240	46	unknown
13F26E	5	code
13F273	6	unknown
13F279	11	code
13F284	3	unknown
13F287	204	code
13F353	10	unknown
13F35D	312	code
13F495	14	unknown
13F4A3	5	code
13F4A8	10	unknown
13F4B2	7	code
13F4B9	15	unknown
13F4C8	34	code
13F4EA	4	unknown
13F4EE	210	code
13F5C0	11	unknown
13F5CB	5	code
13F5D0	8	unknown
13F5D8	82	code
13F62A	3	unknown
13F62D	106	code
13F697	6	unknown
13F69D	44	code
13F6C9	8	unknown
13F6D1	37	code
13F6F6	8	unknown
13F6FE	3	code
13F701	14	unknown
13F70F	5	code
13F714	6	unknown
13F71A	17	code
13F72B	11	unknown
13F736	1	code
13F737	13	unknown
13F744	69	code
13F789	1	unknown
13F78A	5	code
13F78F	6	unknown
13F795	335	code
13F8E4	101	unknown
13F949	87	code
13F9A0	42	unknown
13F9CA	164	code
13FA6E	1426	unknown
148000	32768	unknown
158000	32768	unknown
168000	32768	unknown
178000	32768	unknown
188000	32768	unknown
198000	32768	unknown
1A8000	32768	unknown
1B8000	32768	unknown
1C8000	32768	unknown
1D8000	32768	unknown
1E8000	32768	unknown
1F8000	32768	unknown
208000	32768	unknown
218000	32768	unknown
228000	32768	unknown
238000	32768	unknown
248000	32768	unknown
258000	32768	unknown
268000	32768	unknown
278000	32768	unknown
288000	32768	unknown
298000	32768	unknown
2A8000	32768	unknown
2B8000	32768	unknown
2C8000	32768	unknown
2D8000	32768	unknown
2E8000	32768	unknown
2F8000	32768	unknown
308000	32768	unknown
318000	32768	unknown
328000	29417	unknown
32F2E9	5	code
32F2EE	12	unknown
32F2FA	13	code
32F307	8	unknown
32F30F	183	code
32F3C6	22	unknown
32F3DC	23	code
32F3F3	8	unknown
32F3FB	39	code
32F422	16	unknown
32F432	60	code
32F46E	37	unknown
32F493	301	code
32F5C0	6	unknown
32F5C6	83	code
32F619	24	unknown
32F631	56	code
32F669	4	unknown
32F66D	76	code
32F6B9	12	unknown
32F6C5	117	code
32F73A	2246	unknown
338000	32768	unknown
348000	32768	unknown
358000	32768	unknown
368000	32768	unknown
378000	32768	unknown
388000	32768	unknown
398000	4645	unknown
399225	8	code
39922D	12	unknown
399239	6	code
39923F	8	unknown
399247	235	code
399332	2	unknown
399334	9	code
39933D	21	unknown
399352	83	code
3993A5	10	unknown
3993AF	100	code
399413	8	unknown
39941B	58	code
399455	7	unknown
39945C	107	code
3994C7	6	unknown
3994CD	199	code
399594	5	unknown
399599	277	code
3996AE	6	unknown
3996B4	246	code
3997AA	6	unknown
3997B0	32	code
3997D0	6	unknown
3997D6	83	code
399829	896	unknown
399BA9	7	code
399BB0	196	unknown
399C74	5	code
399C79	6	unknown
399C7F	11	code
399C8A	3	unknown
399C8D	176	code
399D3D	12	unknown
399D49	301	code
399E76	10	unknown
399E80	77	code
399ECD	8	unknown
399ED5	268	code
399FE1	9	unknown
399FEA	6	code
399FF0	6	unknown
399FF6	76	code
39A042	16	unknown
39A052	138	code
39A0DC	6	unknown
39A0E2	168	code
39A18A	2	unknown
39A18C	55	code
39A1C3	3	unknown
39A1C6	52	code
39A1FA	3	unknown
39A1FD	49	code
39A22E	3	unknown
39A231	125	code
39A2AE	12	unknown
39A2BA	89	code
39A313	25	unknown
39A32C	50	code
39A35E	4	unknown
39A362	90	code
39A3BC	6	unknown
39A3C2	18	code
39A3D4	8	unknown
39A3DC	61	code
39A419	50	unknown
39A44B	52	code
39A47F	22	unknown
39A495	201	code
39A55E	12	unknown
39A56A	8	code
39A572	14	unknown
39A580	8	code
39A588	8	unknown
39A590	96	code
39A5F0	44	unknown
39A61C	7	code
39A623	3	unknown
39A626	5	code
39A62B	8	unknown
39A633	42	code
39A65D	4	unknown
39A661	155	code
39A6FC	1	unknown
39A6FD	59	code
39A738	551	unknown
39A95F	4	code
39A963	4	unknown
39A967	208	code
39AA37	77	unknown
39AA84	5	code
39AA89	6	unknown
39AA8F	5	code
39AA94	12	unknown
39AAA0	36	code
39AAC4	8	unknown
39AACC	53	code
39AB01	6	unknown
39AB07	6	code
39AB0D	4	unknown
39AB11	13	code
39AB1E	12	unknown
39AB2A	19	code
39AB3D	10	unknown
39AB47	61	code
39AB84	4	unknown
39AB88	54	code
39ABBE	4	unknown
39ABC2	77	code
39AC0F	11	unknown
39AC1A	54	code
39AC50	6	unknown
39AC56	4	code
39AC5A	28	unknown
39AC76	9	code
39AC7F	12	unknown
39AC8B	62	code
39ACC9	4	unknown
39ACCD	24	code
39ACE5	12	unknown
39ACF1	103	code
39AD58	3	unknown
39AD5B	17	code
39AD6C	4	unknown
39AD70	203	code
39AE3B	197	unknown
39AF00	5	code
39AF05	12	unknown
39AF11	82	code
39AF63	3	unknown
39AF66	17	code
39AF77	8	unknown
39AF7F	55	code
39AFB6	5	unknown
39AFBB	220	code
39B097	12	unknown
39B0A3	98	code
39B105	2	unknown
39B107	29	code
39B124	12	unknown
39B130	75	code
39B17B	7	unknown
39B182	11	code
39B18D	3	unknown
39B190	9	code
39B199	10	unknown
39B1A3	29	code
39B1C0	3	unknown
39B1C3	25	code
39B1DC	3	unknown
39B1DF	69	code
39B224	3	unknown
39B227	93	code
39B284	4	unknown
39B288	201	code
39B351	2	unknown
39B353	6	code
39B359	40	unknown
39B381	36	code
39B3A5	4	unknown
39B3A9	35	code
39B3CC	37	unknown
39B3F1	24	code
39B409	15	unknown
39B418	18	code
39B42A	4	unknown
39B42E	6	code
39B434	6	unknown
39B43A	139	code
39B4C5	186	unknown
39B57F	30	code
39B59D	59	unknown
39B5D8	121	code
39B651	6	unknown
39B657	29	code
39B674	4	unknown
39B678	98	code
39B6DA	17	unknown
39B6EB	36	code
39B70F	3	unknown
39B712	75	code
39B75D	7	unknown
39B764	46	code
39B792	8	unknown
39B79A	78	code
39B7E8	11	unknown
39B7F3	35	code
39B816	6	unknown
39B81C	237	code
39B909	3	unknown
39B90C	21	code
39B921	20	unknown
39B935	164	code
39B9D9	6	unknown
39B9DF	93	code
39BA3C	3	unknown
39BA3F	11	code
39BA4A	35	unknown
39BA6D	102	code
39BAD3	6	unknown
39BAD9	109	code
39BB46	16	unknown
39BB56	16	code
39BB66	6	unknown
39BB6C	63	code
39BBAB	3	unknown
39BBAE	9	code
39BBB7	3	unknown
39BBBA	200	code
39BC82	6	unknown
39BC88	59	code
39BCC3	28	unknown
39BCDF	428	code
39BE8B	26	unknown
39BEA5	13	code
39BEB2	28	unknown
39BECE	14	code
39BEDC	12	unknown
39BEE8	21	code
39BEFD	144	unknown
39BF8D	22	code
39BFA3	4	unknown
39BFA7	18	code
39BFB9	4	unknown
39BFBD	66	code
39BFFF	36	unknown
39C023	21	code
39C038	21	unknown
39C04D	21	code
39C062	105	unknown
39C0CB	7	code
39C0D2	6	unknown
39C0D8	84	code
39C12C	6	unknown
39C132	138	code
39C1BC	15940	unknown
3A8000	31104	unknown
3AF980	6	code
3AF986	12	unknown
3AF992	66	code
3AF9D4	24	unknown
3AF9EC	70	code
3AFA32	2	unknown
3AFA34	6	code
3AFA3A	4	unknown
3AFA3E	17	code
3AFA4F	6	unknown
3AFA55	13	code
3AFA62	1438	unknown
3B8000	32768	unknown
3C8000	8192	unknown
3CA000	8	code
3CA008	12	unknown
3CA014	6	code
3CA01A	12	unknown
3CA026	405	code
3CA1BB	32	unknown
3CA1DB	14	code
3CA1E9	6	unknown
3CA1EF	81	code
3CA240	12	unknown
3CA24C	8	code
3CA254	48	unknown
3CA284	10	code
3CA28E	4	unknown
3CA292	72	code
3CA2DA	275	unknown
3CA3ED	45	code
3CA41A	4	unknown
3CA41E	57	code
3CA457	6	unknown
3CA45D	146	code
3CA4EF	4	unknown
3CA4F3	47	code
3CA522	12	unknown
3CA52E	13	code
3CA53B	10	unknown
3CA545	11	code
3CA550	109	unknown
3CA5BD	17	code
3CA5CE	6	unknown
3CA5D4	18	code
3CA5E6	4	unknown
3CA5EA	292	code
3CA70E	45	unknown
3CA73B	143	code
3CA7CA	59	unknown
3CA805	131	code
3CA888	12	unknown
3CA894	12	code
3CA8A0	9	unknown
3CA8A9	133	code
3CA92E	5	unknown
3CA933	7	code
3CA93A	48	unknown
3CA96A	150	code
3CAA00	21	unknown
3CAA15	9	code
3CAA1E	12	unknown
3CAA2A	44	code
3CAA56	19	unknown
3CAA69	10	code
3CAA73	9	unknown
3CAA7C	6	code
3CAA82	15	unknown
3CAA91	1	code
3CAA92	177	unknown
3CAB43	6	code
3CAB49	12	unknown
3CAB55	63	code
3CAB94	37	unknown
3CABB9	47	code
3CABE8	17	unknown
3CABF9	23	code
3CAC10	13	unknown
3CAC1D	35	code
3CAC40	48	unknown
3CAC70	37	code
3CAC95	4	unknown
3CAC99	15	code
3CACA8	23	unknown
3CACBF	12	code
3CACCB	63	unknown
3CAD0A	53	code
3CAD3F	4	unknown
3CAD43	43	code
3CAD6E	47	unknown
3CAD9D	10	code
3CADA7	4	unknown
3CADAB	201	code
3CAE74	10	unknown
3CAE7E	14	code
3CAE8C	2	unknown
3CAE8E	41	code
3CAEB7	9	unknown
3CAEC0	484	code
3CB0A4	3	unknown
3CB0A7	5	code
3CB0AC	21	unknown
3CB0C1	23	code
3CB0D8	3	unknown
3CB0DB	35	code
3CB0FE	8	unknown
3CB106	75	code
3CB151	8	unknown
3CB159	87	code
3CB1B0	3	unknown
3CB1B3	3	code
3CB1B6	417	unknown
3CB357	6	code
3CB35D	12	unknown
3CB369	22	code
3CB37F	8	unknown
3CB387	106	code
3CB3F1	21	unknown
3CB406	23	code
3CB41D	6	unknown
3CB423	1	code
3CB424	18	unknown
3CB436	8	code
3CB43E	37	unknown
3CB463	174	code
3CB511	25	unknown
3CB52A	6	code
3CB530	9	unknown
3CB539	27	code
3CB554	136	unknown
3CB5DC	5	code
3CB5E1	2285	unknown
3CBECE	5	code
3CBED3	49	unknown
3CBF04	5	code
3CBF09	8	unknown
3CBF11	195	code
3CBFD4	2	unknown
3CBFD6	49	code
3CC007	10	unknown
3CC011	5	code
3CC016	6	unknown
3CC01C	72	code
3CC064	4	unknown
3CC068	6	code
3CC06E	4	unknown
3CC072	71	code
3CC0B9	12	unknown
3CC0C5	176	code
3CC175	6	unknown
3CC17B	51	code
3CC1AE	7	unknown
3CC1B5	44	code
3CC1E1	2	unknown
3CC1E3	92	code
3CC23F	10	unknown
3CC249	34	code
3CC26B	217	unknown
3CC344	89	code
3CC39D	11	unknown
3CC3A8	5	code
3CC3AD	11	unknown
3CC3B8	134	code
3CC43E	6	unknown
3CC444	7	code
3CC44B	46	unknown
3CC479	5	code
3CC47E	8	unknown
3CC486	10	code
3CC490	1	unknown
3CC491	218	code
3CC56B	12	unknown
3CC577	79	code
3CC5C6	9	unknown
3CC5CF	235	code
3CC6BA	14	unknown
3CC6C8	3	code
3CC6CB	8	unknown
3CC6D3	20	code
3CC6E7	6	unknown
3CC6ED	69	code
3CC732	6	unknown
3CC738	112	code
3CC7A8	15	unknown
3CC7B7	7	code
3CC7BE	7	unknown
3CC7C5	28	code
3CC7E1	8	unknown
3CC7E9	81	code
3CC83A	11	unknown
3CC845	45	code
3CC872	5	unknown
3CC877	5	code
3CC87C	24	unknown
3CC894	63	code
3CC8D3	24	unknown
3CC8EB	68	code
3CC92F	4	unknown
3CC933	63	code
3CC972	13	unknown
3CC97F	171	code
3CCA2A	12	unknown
3CCA36	5	code
3CCA3B	6	unknown
3CCA41	174	code
3CCAEF	4	unknown
3CCAF3	13	code
3CCB00	33	unknown
3CCB21	127	code
3CCBA0	5	unknown
3CCBA5	5	code
3CCBAA	4	unknown
3CCBAE	54	code
3CCBE4	2	unknown
3CCBE6	39	code
3CCC0D	12	unknown
3CCC19	36	code
3CCC3D	11	unknown
3CCC48	128	code
3CCCC8	36	unknown
3CCCEC	5	code
3CCCF1	8	unknown
3CCCF9	82	code
3CCD4B	19	unknown
3CCD5E	237	code
3CCE4B	12725	unknown
3D8000	30852	unknown
3DF884	5	code
3DF889	12	unknown
3DF895	5	code
3DF89A	8	unknown
3DF8A2	51	code
3DF8D5	1	unknown
3DF8D6	194	code
3DF998	25	unknown
3DF9B1	141	code
3DFA3E	14	unknown
3DFA4C	274	code
3DFB5E	4	unknown
3DFB62	68	code
3DFBA6	6	unknown
3DFBAC	323	code
3DFCEF	37	unknown
3DFD14	14	code
3DFD22	4	unknown
3DFD26	150	code
3DFDBC	4	unknown
3DFDC0	96	code
3DFE20	4	unknown
3DFE24	289	code
3DFF45	5	unknown
3DFF4A	28	code
3DFF66	4	unknown
3DFF6A	1	code
3DFF6B	149	unknown
3E8000	32768	unknown
3F8000	25033	unknown
3FE1C9	10	code
3FE1D3	6	unknown
3FE1D9	8	code
3FE1E1	4	unknown
3FE1E5	41	code
3FE20E	6	unknown
3FE214	34	code
3FE236	5	unknown
3FE23B	67	code
3FE27E	5	unknown
3FE283	104	code
3FE2EB	13	unknown
3FE2F8	165	code
3FE39D	4	unknown
3FE3A1	4	code
3FE3A5	1	unknown
3FE3A6	6	code
3FE3AC	12	unknown
3FE3B8	41	code
3FE3E1	4	unknown
3FE3E5	20	code
3FE3F9	24	unknown
3FE411	18	code
3FE423	8	unknown
3FE42B	446	code
3FE5E9	46	unknown
3FE617	5	code
3FE61C	6	unknown
3FE622	12	code
3FE62E	3	unknown
3FE631	7	code
3FE638	4	unknown
3FE63C	183	code
3FE6F3	10	unknown
3FE6FD	248	code
3FE7F5	6	unknown
3FE7FB	23	code
3FE812	12	unknown
3FE81E	49	code
3FE84F	14	unknown
3FE85D	5	code
3FE862	10	unknown
3FE86C	85	code
3FE8C1	6	unknown
3FE8C7	44	code
3FE8F3	6	unknown
3FE8F9	14	code
3FE907	9	unknown
3FE910	8	code
3FE918	6	unknown
3FE91E	13	code
3FE92B	10	unknown
3FE935	145	code
3FE9C6	6	unknown
3FE9CC	45	code
3FE9F9	12	unknown
3FEA05	93	code
3FEA62	56	unknown
3FEA9A	16	code
3FEAAA	20	unknown
3FEABE	43	code
3FEAE9	6	unknown
3FEAEF	123	code
3FEB6A	14	unknown
3FEB78	7	code
3FEB7F	8	unknown
3FEB87	8	code
3FEB8F	4	unknown
3FEB93	132	code
3FEC17	49	unknown
3FEC48	207	code
3FED17	28	unknown
3FED33	235	code
3FEE1E	5	unknown
3FEE23	25	code
3FEE3C	39	unknown
3FEE63	266	code
3FEF6D	3	unknown
3FEF70	75	code
3FEFBB	4165	unknown
